;;;;;;;;;;;;;;;;;;
Encuesta;Periodo;Indicadores;Nacional;Área;;Sexo;;;;;;;;;;;;
;;;Total;Urbana;Rural;Hombre;Mujer;;;;;;;;;;;
ENEMDU;dic-07;Población Total;13.682.302;9.066.209;4.616.093;6.768.646;6.913.656;;;;;;;;;;;
ENEMDU;dic-07;Población menor de 15 años;4.372.812;2.723.124;1.649.688;2.226.618;2.146.194;;;;;;;;;;;
ENEMDU;dic-07;Población en Edad de Trabajar (PET);9.309.490;6.343.085;2.966.404;4.542.028;4.767.462;;;;;;;;;;;
ENEMDU;dic-07;Población Económicamente Activa;6.336.029;4.227.702;2.108.328;3.777.232;2.558.798;;;;;;;;;;;
ENEMDU;dic-07;Empleo;6.019.332;3.971.040;2.048.292;3.632.314;2.387.018;;;;;;;;;;;
ENEMDU;dic-07;Empleo Adecuado/Pleno;2.737.158;2.236.440;500.719;1.907.451;829.707;;;;;;;;;;;
ENEMDU;dic-07;Subempleo;1.155.872;687.714;468.158;679.118;476.753;;;;;;;;;;;
ENEMDU;dic-07;Subempleo por insuficiencia de tiempo de trabajo;860.315;519.627;340.688;474.355;385.960;;;;;;;;;;;
ENEMDU;dic-07;Subempleo por insuficiencia de ingresos;295.556;168.087;127.470;204.763;90.793;;;;;;;;;;;
ENEMDU;dic-07;Empleo no remunerado;557.146;215.994;341.152;176.122;381.025;;;;;;;;;;;
ENEMDU;dic-07;Otro Empleo no pleno;1.504.000;785.461;718.539;830.341;673.659;;;;;;;;;;;
ENEMDU;dic-07;Empleo no clasificado;65.155;45.430;19.725;39.282;25.873;;;;;;;;;;;
ENEMDU;dic-07;Desempleo;316.697;256.662;60.036;144.918;171.780;;;;;;;;;;;
ENEMDU;dic-07;Desempleo Abierto;193.225;168.728;24.497;97.565;95.660;;;;;;;;;;;
ENEMDU;dic-07;Desempleo Oculto;123.472;87.934;35.539;47.353;76.119;;;;;;;;;;;
ENEMDU;dic-07;Desempleo Cesante;190.044;160.289;29.755;99.490;90.554;;;;;;;;;;;
ENEMDU;dic-07;Desempleo Nuevo;126.653;96.372;30.281;45.427;81.226;;;;;;;;;;;
ENEMDU;dic-07;Población Económicamente Inactiva;2.973.460;2.115.384;858.077;764.796;2.208.664;;;;;;;;;;;
ENEMDU;jun-08;Población Total;13.781.797;9.129.646;4.652.151;6.868.579;6.913.218;;;;;;;;;;;
ENEMDU;jun-08;Población menor de 15 años;4.268.148;2.655.282;1.612.866;2.189.753;2.078.395;;;;;;;;;;;
ENEMDU;jun-08;Población en Edad de Trabajar (PET);9.513.649;6.474.364;3.039.285;4.678.826;4.834.823;;;;;;;;;;;
ENEMDU;jun-08;Población Económicamente Activa;6.589.368;4.433.491;2.155.877;3.893.496;2.695.873;;;;;;;;;;;
ENEMDU;jun-08;Empleo;6.245.225;4.151.002;2.094.223;3.742.213;2.503.012;;;;;;;;;;;
ENEMDU;jun-08;Empleo Adecuado/Pleno;2.750.595;2.248.018;502.577;1.937.602;812.993;;;;;;;;;;;
ENEMDU;jun-08;Subempleo;1.130.699;696.949;433.750;665.939;464.760;;;;;;;;;;;
ENEMDU;jun-08;Subempleo por insuficiencia de tiempo de trabajo;846.132;527.132;319.001;457.856;388.276;;;;;;;;;;;
ENEMDU;jun-08;Subempleo por insuficiencia de ingresos;284.567;169.817;114.750;208.083;76.484;;;;;;;;;;;
ENEMDU;jun-08;Empleo no remunerado;614.172;257.629;356.542;204.623;409.548;;;;;;;;;;;
ENEMDU;jun-08;Otro Empleo no pleno;1.688.693;909.254;779.439;898.349;790.344;;;;;;;;;;;
ENEMDU;jun-08;Empleo no clasificado;61.065;39.152;21.914;35.699;25.366;;;;;;;;;;;
ENEMDU;jun-08;Desempleo;344.143;282.489;61.654;151.283;192.860;;;;;;;;;;;
ENEMDU;jun-08;Desempleo Abierto;243.614;217.324;26.290;123.250;120.364;;;;;;;;;;;
ENEMDU;jun-08;Desempleo Oculto;100.530;65.165;35.365;28.033;72.497;;;;;;;;;;;
ENEMDU;jun-08;Desempleo Cesante;238.031;207.834;30.198;113.592;124.440;;;;;;;;;;;
ENEMDU;jun-08;Desempleo Nuevo;106.112;74.655;31.457;37.691;68.421;;;;;;;;;;;
ENEMDU;jun-08;Población Económicamente Inactiva;2.924.281;2.040.873;883.408;785.331;2.138.950;;;;;;;;;;;
ENEMDU;dic-08;Población Total;13.878.704;9.202.348;4.676.355;6.831.453;7.047.250;;;;;;;;;;;
ENEMDU;dic-08;Población menor de 15 años;4.229.707;2.633.450;1.596.257;2.175.561;2.054.146;;;;;;;;;;;
ENEMDU;dic-08;Población en Edad de Trabajar (PET);9.648.996;6.568.898;3.080.098;4.655.892;4.993.104;;;;;;;;;;;
ENEMDU;dic-08;Población Económicamente Activa;6.385.421;4.329.308;2.056.113;3.800.531;2.584.890;;;;;;;;;;;
ENEMDU;dic-08;Empleo;6.005.395;4.012.298;1.993.097;3.635.236;2.370.159;;;;;;;;;;;
ENEMDU;dic-08;Empleo Adecuado/Pleno;2.858.659;2.339.288;519.370;1.991.157;867.502;;;;;;;;;;;
ENEMDU;dic-08;Subempleo;957.978;588.824;369.155;549.097;408.881;;;;;;;;;;;
ENEMDU;dic-08;Subempleo por insuficiencia de tiempo de trabajo;704.516;445.009;259.507;378.324;326.192;;;;;;;;;;;
ENEMDU;dic-08;Subempleo por insuficiencia de ingresos;253.462;143.815;109.648;170.773;82.689;;;;;;;;;;;
ENEMDU;dic-08;Empleo no remunerado;523.928;211.070;312.858;159.714;364.214;;;;;;;;;;;
ENEMDU;dic-08;Otro Empleo no pleno;1.649.349;859.126;790.223;923.415;725.935;;;;;;;;;;;
ENEMDU;dic-08;Empleo no clasificado;15.481;13.990;1.491;11.853;3.628;;;;;;;;;;;
ENEMDU;dic-08;Desempleo;380.026;317.011;63.015;165.296;214.730;;;;;;;;;;;
ENEMDU;dic-08;Desempleo Abierto;252.924;226.983;25.942;119.858;133.067;;;;;;;;;;;
ENEMDU;dic-08;Desempleo Oculto;127.102;90.028;37.074;45.438;81.664;;;;;;;;;;;
ENEMDU;dic-08;Desempleo Cesante;225.489;196.643;28.847;109.477;116.013;;;;;;;;;;;
ENEMDU;dic-08;Desempleo Nuevo;154.537;120.368;34.169;55.819;98.718;;;;;;;;;;;
ENEMDU;dic-08;Población Económicamente Inactiva;3.263.575;2.239.590;1.023.986;855.361;2.408.214;;;;;;;;;;;
ENEMDU;dic-09;Población Total;14.081.060;9.356.685;4.724.375;6.938.243;7.142.817;;;;;;;;;;;
ENEMDU;dic-09;Población menor de 15 años;4.048.344;2.548.051;1.500.293;2.071.224;1.977.120;;;;;;;;;;;
ENEMDU;dic-09;Población en Edad de Trabajar (PET);10.032.716;6.808.634;3.224.082;4.867.019;5.165.697;;;;;;;;;;;
ENEMDU;dic-09;Población Económicamente Activa;6.548.937;4.397.247;2.151.690;3.901.464;2.647.473;;;;;;;;;;;
ENEMDU;dic-09;Empleo;6.125.135;4.050.179;2.074.956;3.699.840;2.425.296;;;;;;;;;;;
ENEMDU;dic-09;Empleo Adecuado/Pleno;2.565.691;2.100.511;465.180;1.765.402;800.289;;;;;;;;;;;
ENEMDU;dic-09;Subempleo;1.071.615;664.855;406.760;636.204;435.411;;;;;;;;;;;
ENEMDU;dic-09;Subempleo por insuficiencia de tiempo de trabajo;764.486;479.299;285.187;419.036;345.450;;;;;;;;;;;
ENEMDU;dic-09;Subempleo por insuficiencia de ingresos;307.129;185.556;121.573;217.168;89.961;;;;;;;;;;;
ENEMDU;dic-09;Empleo no remunerado;582.204;213.115;369.089;191.833;390.371;;;;;;;;;;;
ENEMDU;dic-09;Otro Empleo no pleno;1.778.578;951.354;827.224;1.023.151;755.428;;;;;;;;;;;
ENEMDU;dic-09;Empleo no clasificado;127.047;120.344;6.703;83.250;43.797;;;;;;;;;;;
ENEMDU;dic-09;Desempleo;423.802;347.068;76.734;201.625;222.177;;;;;;;;;;;
ENEMDU;dic-09;Desempleo Abierto;294.590;265.013;29.576;143.825;150.765;;;;;;;;;;;
ENEMDU;dic-09;Desempleo Oculto;129.212;82.054;47.158;57.800;71.412;;;;;;;;;;;
ENEMDU;dic-09;Desempleo Cesante;277.080;241.255;35.825;143.234;133.846;;;;;;;;;;;
ENEMDU;dic-09;Desempleo Nuevo;146.722;105.813;40.909;58.391;88.331;;;;;;;;;;;
ENEMDU;dic-09;Población Económicamente Inactiva;3.483.779;2.411.387;1.072.392;965.555;2.518.224;;;;;;;;;;;
ENEMDU;jun-10;Población Total;14.180.534;9.406.062;4.774.472;6.956.754;7.223.780;;;;;;;;;;;
ENEMDU;jun-10;Población menor de 15 años;4.033.148;2.505.781;1.527.367;2.058.845;1.974.303;;;;;;;;;;;
ENEMDU;jun-10;Población en Edad de Trabajar (PET);10.147.386;6.900.281;3.247.105;4.897.909;5.249.477;;;;;;;;;;;
ENEMDU;jun-10;Población Económicamente Activa;6.582.460;4.414.069;2.168.390;3.911.014;2.671.446;;;;;;;;;;;
ENEMDU;jun-10;Empleo;6.174.141;4.075.417;2.098.724;3.716.323;2.457.818;;;;;;;;;;;
ENEMDU;jun-10;Empleo Adecuado/Pleno;2.715.542;2.211.148;504.394;1.839.160;876.383;;;;;;;;;;;
ENEMDU;jun-10;Subempleo;1.041.266;663.688;377.578;596.889;444.377;;;;;;;;;;;
ENEMDU;jun-10;Subempleo por insuficiencia de tiempo de trabajo;762.700;499.598;263.103;401.557;361.143;;;;;;;;;;;
ENEMDU;jun-10;Subempleo por insuficiencia de ingresos;278.566;164.090;114.475;195.331;83.234;;;;;;;;;;;
ENEMDU;jun-10;Empleo no remunerado;518.542;170.555;347.988;169.134;349.408;;;;;;;;;;;
ENEMDU;jun-10;Otro Empleo no pleno;1.811.893;958.283;853.610;1.057.750;754.142;;;;;;;;;;;
ENEMDU;jun-10;Empleo no clasificado;86.898;71.743;15.155;53.390;33.508;;;;;;;;;;;
ENEMDU;jun-10;Desempleo;408.318;338.652;69.666;194.691;213.628;;;;;;;;;;;
ENEMDU;jun-10;Desempleo Abierto;295.709;258.837;36.872;152.300;143.408;;;;;;;;;;;
ENEMDU;jun-10;Desempleo Oculto;112.610;79.815;32.794;42.390;70.219;;;;;;;;;;;
ENEMDU;jun-10;Desempleo Cesante;253.325;215.747;37.578;132.243;121.082;;;;;;;;;;;
ENEMDU;jun-10;Desempleo Nuevo;154.993;122.905;32.088;62.447;92.546;;;;;;;;;;;
ENEMDU;jun-10;Población Económicamente Inactiva;3.564.926;2.486.211;1.078.715;986.895;2.578.031;;;;;;;;;;;
ENEMDU;dic-10;Población Total;14.279.685;9.475.345;4.804.340;7.056.148;7.223.538;;;;;;;;;;;
ENEMDU;dic-10;Población menor de 15 años;3.988.185;2.498.411;1.489.773;2.053.086;1.935.099;;;;;;;;;;;
ENEMDU;dic-10;Población en Edad de Trabajar (PET);10.291.500;6.976.934;3.314.567;5.003.062;5.288.438;;;;;;;;;;;
ENEMDU;dic-10;Población Económicamente Activa;6.436.257;4.318.937;2.117.320;3.898.390;2.537.866;;;;;;;;;;;
ENEMDU;dic-10;Empleo;6.113.230;4.054.350;2.058.880;3.738.807;2.374.423;;;;;;;;;;;
ENEMDU;dic-10;Empleo Adecuado/Pleno;2.875.533;2.326.713;548.819;1.950.471;925.062;;;;;;;;;;;
ENEMDU;dic-10;Subempleo;889.255;559.150;330.106;550.026;339.229;;;;;;;;;;;
ENEMDU;dic-10;Subempleo por insuficiencia de tiempo de trabajo;673.317;430.631;242.685;393.098;280.219;;;;;;;;;;;
ENEMDU;dic-10;Subempleo por insuficiencia de ingresos;215.939;128.518;87.420;156.928;59.011;;;;;;;;;;;
ENEMDU;dic-10;Empleo no remunerado;528.991;178.786;350.206;171.282;357.709;;;;;;;;;;;
ENEMDU;dic-10;Otro Empleo no pleno;1.765.688;939.902;825.786;1.037.384;728.304;;;;;;;;;;;
ENEMDU;dic-10;Empleo no clasificado;53.763;49.800;3.963;29.644;24.119;;;;;;;;;;;
ENEMDU;dic-10;Desempleo;323.027;264.587;58.440;159.583;163.443;;;;;;;;;;;
ENEMDU;dic-10;Desempleo Abierto;224.553;195.799;28.754;118.170;106.383;;;;;;;;;;;
ENEMDU;dic-10;Desempleo Oculto;98.474;68.788;29.686;41.413;57.061;;;;;;;;;;;
ENEMDU;dic-10;Desempleo Cesante;216.213;184.231;31.982;116.852;99.361;;;;;;;;;;;
ENEMDU;dic-10;Desempleo Nuevo;106.814;80.355;26.458;42.731;64.082;;;;;;;;;;;
ENEMDU;dic-10;Población Económicamente Inactiva;3.855.244;2.657.997;1.197.247;1.104.672;2.750.572;;;;;;;;;;;
ENEMDU;jun-11;Población Total;14.378.837;9.544.628;4.834.209;7.029.208;7.349.629;;;;;;;;;;;
ENEMDU;jun-11;Población menor de 15 años;3.902.852;2.433.764;1.469.088;1.962.190;1.940.663;;;;;;;;;;;
ENEMDU;jun-11;Población en Edad de Trabajar (PET);10.475.984;7.110.864;3.365.121;5.067.018;5.408.966;;;;;;;;;;;
ENEMDU;jun-11;Población Económicamente Activa;6.553.789;4.380.711;2.173.078;3.933.550;2.620.239;;;;;;;;;;;
ENEMDU;jun-11;Empleo;6.224.584;4.101.975;2.122.609;3.764.553;2.460.031;;;;;;;;;;;
ENEMDU;jun-11;Empleo Adecuado/Pleno;2.789.525;2.279.869;509.656;1.873.207;916.317;;;;;;;;;;;
ENEMDU;jun-11;Subempleo;781.525;505.913;275.612;470.628;310.897;;;;;;;;;;;
ENEMDU;jun-11;Subempleo por insuficiencia de tiempo de trabajo;582.663;389.031;193.632;332.053;250.610;;;;;;;;;;;
ENEMDU;jun-11;Subempleo por insuficiencia de ingresos;198.862;116.882;81.980;138.574;60.287;;;;;;;;;;;
ENEMDU;jun-11;Empleo no remunerado;559.469;196.896;362.573;175.415;384.054;;;;;;;;;;;
ENEMDU;jun-11;Otro Empleo no pleno;2.032.999;1.061.550;971.449;1.207.640;825.359;;;;;;;;;;;
ENEMDU;jun-11;Empleo no clasificado;61.066;57.747;3.320;37.662;23.404;;;;;;;;;;;
ENEMDU;jun-11;Desempleo;329.205;278.736;50.469;168.998;160.207;;;;;;;;;;;
ENEMDU;jun-11;Desempleo Abierto;250.069;226.439;23.629;131.911;118.157;;;;;;;;;;;
ENEMDU;jun-11;Desempleo Oculto;79.136;52.296;26.840;37.086;42.050;;;;;;;;;;;
ENEMDU;jun-11;Desempleo Cesante;218.409;194.725;23.684;122.714;95.695;;;;;;;;;;;
ENEMDU;jun-11;Desempleo Nuevo;110.796;84.011;26.785;46.283;64.512;;;;;;;;;;;
ENEMDU;jun-11;Población Económicamente Inactiva;3.922.196;2.730.153;1.192.043;1.133.468;2.788.728;;;;;;;;;;;
ENEMDU;dic-11;Población Total;14.478.129;9.610.538;4.867.591;7.078.625;7.399.504;;;;;;;;;;;
ENEMDU;dic-11;Población menor de 15 años;3.945.126;2.506.354;1.438.772;1.997.318;1.947.808;;;;;;;;;;;
ENEMDU;dic-11;Población en Edad de Trabajar (PET);10.533.003;7.104.184;3.428.819;5.081.307;5.451.696;;;;;;;;;;;
ENEMDU;dic-11;Población Económicamente Activa;6.581.621;4.436.865;2.144.756;3.976.254;2.605.367;;;;;;;;;;;
ENEMDU;dic-11;Empleo;6.304.834;4.212.188;2.092.646;3.844.507;2.460.327;;;;;;;;;;;
ENEMDU;dic-11;Empleo Adecuado/Pleno;2.996.566;2.460.350;536.215;2.061.313;935.253;;;;;;;;;;;
ENEMDU;dic-11;Subempleo;706.458;421.914;284.544;428.949;277.509;;;;;;;;;;;
ENEMDU;dic-11;Subempleo por insuficiencia de tiempo de trabajo;560.164;347.668;212.497;324.462;235.703;;;;;;;;;;;
ENEMDU;dic-11;Subempleo por insuficiencia de ingresos;146.294;74.247;72.047;104.487;41.806;;;;;;;;;;;
ENEMDU;dic-11;Empleo no remunerado;505.484;204.302;301.182;148.889;356.595;;;;;;;;;;;
ENEMDU;dic-11;Otro Empleo no pleno;2.056.875;1.089.496;967.379;1.178.723;878.152;;;;;;;;;;;
ENEMDU;dic-11;Empleo no clasificado;39.451;36.125;3.326;26.633;12.817;;;;;;;;;;;
ENEMDU;dic-11;Desempleo;276.787;224.678;52.109;131.747;145.040;;;;;;;;;;;
ENEMDU;dic-11;Desempleo Abierto;196.178;172.349;23.830;95.982;100.196;;;;;;;;;;;
ENEMDU;dic-11;Desempleo Oculto;80.609;52.329;28.280;35.765;44.844;;;;;;;;;;;
ENEMDU;dic-11;Desempleo Cesante;171.376;146.006;25.370;87.829;83.547;;;;;;;;;;;
ENEMDU;dic-11;Desempleo Nuevo;105.411;78.672;26.739;43.918;61.493;;;;;;;;;;;
ENEMDU;dic-11;Población Económicamente Inactiva;3.951.382;2.667.319;1.284.064;1.105.053;2.846.329;;;;;;;;;;;
ENEMDU;jun-12;Población Total;14.578.732;9.679.099;4.899.633;7.181.449;7.397.283;;;;;;;;;;;
ENEMDU;jun-12;Población menor de 15 años;3.905.374;2.472.030;1.433.344;1.990.305;1.915.069;;;;;;;;;;;
ENEMDU;jun-12;Población en Edad de Trabajar (PET);10.673.358;7.207.069;3.466.289;5.191.144;5.482.214;;;;;;;;;;;
ENEMDU;jun-12;Población Económicamente Activa;6.870.842;4.578.419;2.292.423;4.117.591;2.753.251;;;;;;;;;;;
ENEMDU;jun-12;Empleo;6.588.271;4.340.349;2.247.922;3.969.749;2.618.522;;;;;;;;;;;
ENEMDU;jun-12;Empleo Adecuado/Pleno;3.104.824;2.506.161;598.662;2.093.385;1.011.439;;;;;;;;;;;
ENEMDU;jun-12;Subempleo;664.982;410.168;254.815;400.104;264.878;;;;;;;;;;;
ENEMDU;jun-12;Subempleo por insuficiencia de tiempo de trabajo;542.328;343.767;198.561;312.108;230.220;;;;;;;;;;;
ENEMDU;jun-12;Subempleo por insuficiencia de ingresos;122.654;66.400;56.254;87.996;34.658;;;;;;;;;;;
ENEMDU;jun-12;Empleo no remunerado;658.523;225.163;433.360;204.090;454.432;;;;;;;;;;;
ENEMDU;jun-12;Otro Empleo no pleno;2.063.391;1.107.179;956.213;1.213.555;849.837;;;;;;;;;;;
ENEMDU;jun-12;Empleo no clasificado;96.551;91.678;4.872;58.614;37.937;;;;;;;;;;;
ENEMDU;jun-12;Desempleo;282.571;238.070;44.501;147.842;134.729;;;;;;;;;;;
ENEMDU;jun-12;Desempleo Abierto;224.048;199.327;24.721;115.049;108.999;;;;;;;;;;;
ENEMDU;jun-12;Desempleo Oculto;58.523;38.743;19.780;32.793;25.730;;;;;;;;;;;
ENEMDU;jun-12;Desempleo Cesante;194.431;172.852;21.579;108.965;85.467;;;;;;;;;;;
ENEMDU;jun-12;Desempleo Nuevo;88.140;65.217;22.922;38.877;49.262;;;;;;;;;;;
ENEMDU;jun-12;Población Económicamente Inactiva;3.802.516;2.628.650;1.173.866;1.073.553;2.728.964;;;;;;;;;;;
ENEMDU;dic-12;Población Total;14.682.556;9.745.918;4.936.638;7.203.607;7.478.950;;;;;;;;;;;
ENEMDU;dic-12;Población menor de 15 años;3.818.409;2.423.369;1.395.041;1.951.840;1.866.569;;;;;;;;;;;
ENEMDU;dic-12;Población en Edad de Trabajar (PET);10.864.147;7.322.550;3.541.598;5.251.767;5.612.380;;;;;;;;;;;
ENEMDU;dic-12;Población Económicamente Activa;6.701.014;4.504.356;2.196.658;4.038.253;2.662.761;;;;;;;;;;;
ENEMDU;dic-12;Empleo;6.424.840;4.279.017;2.145.823;3.890.159;2.534.681;;;;;;;;;;;
ENEMDU;dic-12;Empleo Adecuado/Pleno;3.118.174;2.546.940;571.234;2.082.635;1.035.538;;;;;;;;;;;
ENEMDU;dic-12;Subempleo;603.890;345.283;258.607;349.831;254.059;;;;;;;;;;;
ENEMDU;dic-12;Subempleo por insuficiencia de tiempo de trabajo;485.512;288.186;197.326;269.946;215.566;;;;;;;;;;;
ENEMDU;dic-12;Subempleo por insuficiencia de ingresos;118.378;57.097;61.281;79.885;38.493;;;;;;;;;;;
ENEMDU;dic-12;Empleo no remunerado;537.431;212.515;324.916;172.998;364.433;;;;;;;;;;;
ENEMDU;dic-12;Otro Empleo no pleno;2.018.582;1.035.693;982.889;1.196.931;821.651;;;;;;;;;;;
ENEMDU;dic-12;Empleo no clasificado;146.763;138.587;8.176;87.764;58.999;;;;;;;;;;;
ENEMDU;dic-12;Desempleo;276.174;225.339;50.835;148.093;128.081;;;;;;;;;;;
ENEMDU;dic-12;Desempleo Abierto;210.173;180.684;29.489;115.125;95.048;;;;;;;;;;;
ENEMDU;dic-12;Desempleo Oculto;66.001;44.654;21.346;32.968;33.033;;;;;;;;;;;
ENEMDU;dic-12;Desempleo Cesante;166.212;141.854;24.358;96.280;69.932;;;;;;;;;;;
ENEMDU;dic-12;Desempleo Nuevo;109.962;83.485;26.478;51.813;58.149;;;;;;;;;;;
ENEMDU;dic-12;Población Económicamente Inactiva;4.162.884;2.818.194;1.344.691;1.213.266;2.949.619;;;;;;;;;;;
ENEMDU;jun-13;Población Total;14.787.691;9.815.388;4.972.303;7.291.648;7.496.042;;;;;;;;;;;
ENEMDU;jun-13;Población menor de 15 años;3.794.152;2.421.936;1.372.216;1.954.093;1.840.059;;;;;;;;;;;
ENEMDU;jun-13;Población en Edad de Trabajar (PET);10.993.539;7.393.452;3.600.087;5.337.555;5.655.984;;;;;;;;;;;
ENEMDU;jun-13;Población Económicamente Activa;6.999.745;4.607.495;2.392.250;4.159.963;2.839.783;;;;;;;;;;;
ENEMDU;jun-13;Empleo;6.725.795;4.382.389;2.343.405;4.011.516;2.714.278;;;;;;;;;;;
ENEMDU;jun-13;Empleo Adecuado/Pleno;2.998.481;2.406.652;591.829;2.019.536;978.945;;;;;;;;;;;
ENEMDU;jun-13;Subempleo;818.126;528.550;289.576;489.132;328.994;;;;;;;;;;;
ENEMDU;jun-13;Subempleo por insuficiencia de tiempo de trabajo;670.946;441.739;229.207;377.907;293.038;;;;;;;;;;;
ENEMDU;jun-13;Subempleo por insuficiencia de ingresos;147.180;86.811;60.369;111.224;35.956;;;;;;;;;;;
ENEMDU;jun-13;Empleo no remunerado;669.102;227.170;441.931;209.484;459.617;;;;;;;;;;;
ENEMDU;jun-13;Otro Empleo no pleno;2.145.528;1.130.495;1.015.033;1.236.886;908.642;;;;;;;;;;;
ENEMDU;jun-13;Empleo no clasificado;94.558;89.522;5.036;56.478;38.080;;;;;;;;;;;
ENEMDU;jun-13;Desempleo;273.951;225.105;48.845;148.446;125.504;;;;;;;;;;;
ENEMDU;jun-13;Desempleo Abierto;218.894;188.644;30.250;121.344;97.550;;;;;;;;;;;
ENEMDU;jun-13;Desempleo Oculto;55.057;36.462;18.595;27.103;27.954;;;;;;;;;;;
ENEMDU;jun-13;Desempleo Cesante;185.092;155.945;29.147;107.885;77.206;;;;;;;;;;;
ENEMDU;jun-13;Desempleo Nuevo;88.859;69.161;19.698;40.561;48.298;;;;;;;;;;;
ENEMDU;jun-13;Población Económicamente Inactiva;3.993.794;2.785.957;1.207.836;1.177.593;2.816.201;;;;;;;;;;;
ENEMDU;dic-13;Población Total;15.872.755;10.721.616;5.151.139;7.886.038;7.986.717;;;;;;;;;;;
ENEMDU;dic-13;Población menor de 15 años;4.672.384;3.003.893;1.668.492;2.424.053;2.248.332;;;;;;;;;;;
ENEMDU;dic-13;Población en Edad de Trabajar (PET);11.200.371;7.717.723;3.482.647;5.461.985;5.738.386;;;;;;;;;;;
ENEMDU;dic-13;Población Económicamente Activa;6.952.986;4.710.148;2.242.838;4.217.043;2.735.942;;;;;;;;;;;
ENEMDU;dic-13;Empleo;6.664.241;4.481.130;2.183.111;4.075.323;2.588.918;;;;;;;;;;;
ENEMDU;dic-13;Empleo Adecuado/Pleno;3.328.048;2.680.988;647.060;2.257.012;1.071.036;;;;;;;;;;;
ENEMDU;dic-13;Subempleo;809.269;477.717;331.552;490.630;318.640;;;;;;;;;;;
ENEMDU;dic-13;Subempleo por insuficiencia de tiempo de trabajo;654.050;395.291;258.759;373.869;280.181;;;;;;;;;;;
ENEMDU;dic-13;Subempleo por insuficiencia de ingresos;155.219;82.427;72.793;116.760;38.459;;;;;;;;;;;
ENEMDU;dic-13;Empleo no remunerado;493.182;187.999;305.183;146.266;346.916;;;;;;;;;;;
ENEMDU;dic-13;Otro Empleo no pleno;2.019.279;1.120.868;898.411;1.173.023;846.256;;;;;;;;;;;
ENEMDU;dic-13;Empleo no clasificado;14.463;13.558;905;8.393;6.070;;;;;;;;;;;
ENEMDU;dic-13;Desempleo;288.745;229.018;59.727;141.721;147.024;;;;;;;;;;;
ENEMDU;dic-13;Desempleo Abierto;205.127;173.716;31.411;101.732;103.395;;;;;;;;;;;
ENEMDU;dic-13;Desempleo Oculto;83.618;55.302;28.317;39.989;43.629;;;;;;;;;;;
ENEMDU;dic-13;Desempleo Cesante;168.649;142.307;26.342;90.531;78.117;;;;;;;;;;;
ENEMDU;dic-13;Desempleo Nuevo;120.096;86.711;33.386;51.189;68.907;;;;;;;;;;;
ENEMDU;dic-13;Población Económicamente Inactiva;4.247.385;3.007.576;1.239.809;1.244.942;3.002.443;;;;;;;;;;;
ENEMDU;mar-14;Población Total;15.935.761;10.776.249;5.159.512;7.875.233;8.060.528;;;;;;;;;;;
ENEMDU;mar-14;Población menor de 15 años;4.697.080;3.018.245;1.678.835;2.445.890;2.251.190;;;;;;;;;;;
ENEMDU;mar-14;Población en Edad de Trabajar (PET);11.238.681;7.758.004;3.480.677;5.429.343;5.809.338;;;;;;;;;;;
ENEMDU;mar-14;Población Económicamente Activa;7.048.410;4.767.297;2.281.113;4.258.294;2.790.116;;;;;;;;;;;
ENEMDU;mar-14;Empleo;6.706.314;4.501.505;2.204.809;4.067.946;2.638.368;;;;;;;;;;;
ENEMDU;mar-14;Empleo Adecuado/Pleno;3.206.080;2.616.012;590.068;2.124.705;1.081.375;;;;;;;;;;;
ENEMDU;mar-14;Subempleo;890.360;517.872;372.489;567.672;322.688;;;;;;;;;;;
ENEMDU;mar-14;Subempleo por insuficiencia de tiempo de trabajo;706.156;415.940;290.216;422.298;283.858;;;;;;;;;;;
ENEMDU;mar-14;Subempleo por insuficiencia de ingresos;184.205;101.932;82.273;145.375;38.830;;;;;;;;;;;
ENEMDU;mar-14;Empleo no remunerado;497.262;186.701;310.561;147.482;349.781;;;;;;;;;;;
ENEMDU;mar-14;Otro Empleo no pleno;2.094.854;1.163.642;931.212;1.217.216;877.637;;;;;;;;;;;
ENEMDU;mar-14;Empleo no clasificado;17.758;17.279;479;10.871;6.886;;;;;;;;;;;
ENEMDU;mar-14;Desempleo;342.096;265.791;76.304;190.348;151.748;;;;;;;;;;;
ENEMDU;mar-14;Desempleo Abierto;268.520;223.140;45.379;150.057;118.463;;;;;;;;;;;
ENEMDU;mar-14;Desempleo Oculto;73.576;42.651;30.925;40.291;33.285;;;;;;;;;;;
ENEMDU;mar-14;Desempleo Cesante;247.754;194.577;53.177;144.895;102.859;;;;;;;;;;;
ENEMDU;mar-14;Desempleo Nuevo;94.342;71.214;23.127;45.453;48.889;;;;;;;;;;;
ENEMDU;mar-14;Población Económicamente Inactiva;4.190.271;2.990.707;1.199.564;1.171.049;3.019.223;;;;;;;;;;;
ENEMDU;jun-14;Población Total;16.027.466;10.836.812;5.190.654;7.925.795;8.101.671;;;;;;;;;;;
ENEMDU;jun-14;Población menor de 15 años;4.790.673;3.077.556;1.713.117;2.476.362;2.314.311;;;;;;;;;;;
ENEMDU;jun-14;Población en Edad de Trabajar (PET);11.236.793;7.759.256;3.477.537;5.449.433;5.787.360;;;;;;;;;;;
ENEMDU;jun-14;Población Económicamente Activa;6.967.747;4.804.595;2.163.152;4.244.850;2.722.897;;;;;;;;;;;
ENEMDU;jun-14;Empleo;6.643.458;4.529.978;2.113.480;4.074.639;2.568.819;;;;;;;;;;;
ENEMDU;jun-14;Empleo Adecuado/Pleno;3.401.156;2.783.995;617.162;2.266.214;1.134.943;;;;;;;;;;;
ENEMDU;jun-14;Subempleo;851.939;510.987;340.952;532.653;319.286;;;;;;;;;;;
ENEMDU;jun-14;Subempleo por insuficiencia de tiempo de trabajo;670.964;408.279;262.685;394.696;276.268;;;;;;;;;;;
ENEMDU;jun-14;Subempleo por insuficiencia de ingresos;180.975;102.708;78.267;137.957;43.018;;;;;;;;;;;
ENEMDU;jun-14;Empleo no remunerado;437.119;178.630;258.489;129.217;307.903;;;;;;;;;;;
ENEMDU;jun-14;Otro Empleo no pleno;1.935.920;1.039.676;896.244;1.135.330;800.590;;;;;;;;;;;
ENEMDU;jun-14;Empleo no clasificado;17.324;16.691;633;11.226;6.098;;;;;;;;;;;
ENEMDU;jun-14;Desempleo;324.289;274.616;49.672;170.211;154.078;;;;;;;;;;;
ENEMDU;jun-14;Desempleo Abierto;260.100;225.743;34.357;138.412;121.687;;;;;;;;;;;
ENEMDU;jun-14;Desempleo Oculto;64.189;48.874;15.316;31.799;32.391;;;;;;;;;;;
ENEMDU;jun-14;Desempleo Cesante;200.508;178.414;22.093;114.452;86.056;;;;;;;;;;;
ENEMDU;jun-14;Desempleo Nuevo;123.781;96.202;27.579;55.759;68.022;;;;;;;;;;;
ENEMDU;jun-14;Población Económicamente Inactiva;4.269.046;2.954.662;1.314.384;1.204.583;3.064.463;;;;;;;;;;;
ENEMDU;sep-14;Población Total;16.061.963;10.885.953;5.176.010;7.973.526;8.088.437;;;;;;;;;;;
ENEMDU;sep-14;Población menor de 15 años;4.791.894;3.073.507;1.718.387;2.500.168;2.291.726;;;;;;;;;;;
ENEMDU;sep-14;Población en Edad de Trabajar (PET);11.270.069;7.812.446;3.457.623;5.473.358;5.796.711;;;;;;;;;;;
ENEMDU;sep-14;Población Económicamente Activa;7.145.197;4.865.302;2.279.895;4.328.767;2.816.430;;;;;;;;;;;
ENEMDU;sep-14;Empleo;6.866.776;4.638.310;2.228.466;4.187.405;2.679.371;;;;;;;;;;;
ENEMDU;sep-14;Empleo Adecuado/Pleno;3.414.023;2.803.767;610.255;2.292.788;1.121.235;;;;;;;;;;;
ENEMDU;sep-14;Subempleo;893.705;489.443;404.261;578.626;315.078;;;;;;;;;;;
ENEMDU;sep-14;Subempleo por insuficiencia de tiempo de trabajo;732.101;412.571;319.530;449.989;282.112;;;;;;;;;;;
ENEMDU;sep-14;Subempleo por insuficiencia de ingresos;161.604;76.872;84.731;128.637;32.967;;;;;;;;;;;
ENEMDU;sep-14;Empleo no remunerado;555.947;212.218;343.730;167.140;388.807;;;;;;;;;;;
ENEMDU;sep-14;Otro Empleo no pleno;1.980.199;1.111.997;868.203;1.134.010;846.190;;;;;;;;;;;
ENEMDU;sep-14;Empleo no clasificado;22.902;20.885;2.017;14.841;8.062;;;;;;;;;;;
ENEMDU;sep-14;Desempleo;278.421;226.992;51.429;141.363;137.058;;;;;;;;;;;
ENEMDU;sep-14;Desempleo Abierto;224.996;191.448;33.548;115.164;109.832;;;;;;;;;;;
ENEMDU;sep-14;Desempleo Oculto;53.425;35.544;17.881;26.198;27.226;;;;;;;;;;;
ENEMDU;sep-14;Desempleo Cesante;195.086;167.775;27.311;108.713;86.373;;;;;;;;;;;
ENEMDU;sep-14;Desempleo Nuevo;83.336;59.217;24.118;32.650;50.685;;;;;;;;;;;
ENEMDU;sep-14;Población Económicamente Inactiva;4.124.872;2.947.145;1.177.728;1.144.590;2.980.282;;;;;;;;;;;
ENEMDU;dic-14;Población Total;16.148.648;10.952.870;5.195.778;7.998.923;8.149.725;;;;;;;;;;;
ENEMDU;dic-14;Población menor de 15 años;4.989.393;3.228.800;1.760.593;2.602.776;2.386.617;;;;;;;;;;;
ENEMDU;dic-14;Población en Edad de Trabajar (PET);11.159.255;7.724.070;3.435.185;5.396.147;5.763.108;;;;;;;;;;;
ENEMDU;dic-14;Población Económicamente Activa;7.194.521;4.868.701;2.325.820;4.300.116;2.894.405;;;;;;;;;;;
ENEMDU;dic-14;Empleo;6.921.107;4.647.582;2.273.525;4.167.574;2.753.533;;;;;;;;;;;
ENEMDU;dic-14;Empleo Adecuado/Pleno;3.545.802;2.745.575;800.227;2.416.359;1.129.443;;;;;;;;;;;
ENEMDU;dic-14;Subempleo;925.774;569.983;355.791;550.060;375.714;;;;;;;;;;;
ENEMDU;dic-14;Subempleo por insuficiencia de tiempo de trabajo;759.651;470.206;289.445;426.531;333.120;;;;;;;;;;;
ENEMDU;dic-14;Subempleo por insuficiencia de ingresos;166.123;99.777;66.346;123.529;42.594;;;;;;;;;;;
ENEMDU;dic-14;Empleo no remunerado;508.476;202.059;306.418;148.213;360.263;;;;;;;;;;;
ENEMDU;dic-14;Otro Empleo no pleno;1.924.634;1.116.206;808.428;1.042.800;881.834;;;;;;;;;;;
ENEMDU;dic-14;Empleo no clasificado;16.421;13.760;2.661;10.141;6.280;;;;;;;;;;;
ENEMDU;dic-14;Desempleo;273.414;221.119;52.295;132.542;140.872;;;;;;;;;;;
ENEMDU;dic-14;Desempleo Abierto;216.941;180.389;36.552;112.863;104.078;;;;;;;;;;;
ENEMDU;dic-14;Desempleo Oculto;56.472;40.730;15.743;19.679;36.794;;;;;;;;;;;
ENEMDU;dic-14;Desempleo Cesante;191.622;159.668;31.954;103.065;88.557;;;;;;;;;;;
ENEMDU;dic-14;Desempleo Nuevo;81.792;61.451;20.341;29.477;52.315;;;;;;;;;;;
ENEMDU;dic-14;Población Económicamente Inactiva;3.964.734;2.855.369;1.109.365;1.096.031;2.868.703;;;;;;;;;;;
ENEMDU;mar-15;Población Total;16.187.232;10.995.477;5.191.755;8.019.422;8.167.810;;;;;;;;;;;
ENEMDU;mar-15;Población menor de 15 años;4.985.596;3.243.766;1.741.831;2.603.993;2.381.603;;;;;;;;;;;
ENEMDU;mar-15;Población en Edad de Trabajar (PET);11.201.636;7.751.711;3.449.924;5.415.428;5.786.207;;;;;;;;;;;
ENEMDU;mar-15;Población Económicamente Activa;7.374.083;4.866.211;2.507.872;4.355.083;3.019.000;;;;;;;;;;;
ENEMDU;mar-15;Empleo;7.091.116;4.630.745;2.460.371;4.219.855;2.871.261;;;;;;;;;;;
ENEMDU;mar-15;Empleo Adecuado/Pleno;3.223.996;2.605.302;618.694;2.193.470;1.030.526;;;;;;;;;;;
ENEMDU;mar-15;Subempleo;985.698;578.399;407.299;596.667;389.030;;;;;;;;;;;
ENEMDU;mar-15;Subempleo por insuficiencia de tiempo de trabajo;783.187;468.429;314.758;446.003;337.184;;;;;;;;;;;
ENEMDU;mar-15;Subempleo por insuficiencia de ingresos;202.511;109.970;92.541;150.664;51.847;;;;;;;;;;;
ENEMDU;mar-15;Empleo no remunerado;710.083;231.580;478.503;215.623;494.459;;;;;;;;;;;
ENEMDU;mar-15;Otro Empleo no pleno;2.142.958;1.187.505;955.452;1.197.093;945.864;;;;;;;;;;;
ENEMDU;mar-15;Empleo no clasificado;28.382;27.959;424;17.001;11.382;;;;;;;;;;;
ENEMDU;mar-15;Desempleo;282.967;235.467;47.501;135.229;147.739;;;;;;;;;;;
ENEMDU;mar-15;Desempleo Abierto;244.129;209.597;34.532;118.872;125.257;;;;;;;;;;;
ENEMDU;mar-15;Desempleo Oculto;38.839;25.870;12.969;16.357;22.482;;;;;;;;;;;
ENEMDU;mar-15;Desempleo Cesante;226.107;187.968;38.139;110.484;115.623;;;;;;;;;;;
ENEMDU;mar-15;Desempleo Nuevo;56.860;47.499;9.362;24.745;32.115;;;;;;;;;;;
ENEMDU;mar-15;Población Económicamente Inactiva;3.827.552;2.885.500;942.052;1.060.345;2.767.207;;;;;;;;;;;
ENEMDU;jun-15;Población Total;16.279.252;11.067.830;5.211.422;8.060.120;8.219.132;;;;;;;;;;;
ENEMDU;jun-15;Población menor de 15 años;4.997.168;3.241.818;1.755.350;2.590.965;2.406.204;;;;;;;;;;;
ENEMDU;jun-15;Población en Edad de Trabajar (PET);11.282.084;7.826.012;3.456.072;5.469.156;5.812.928;;;;;;;;;;;
ENEMDU;jun-15;Población Económicamente Activa;7.430.701;4.985.705;2.444.996;4.383.309;3.047.392;;;;;;;;;;;
ENEMDU;jun-15;Empleo;7.098.584;4.707.715;2.390.869;4.224.094;2.874.490;;;;;;;;;;;
ENEMDU;jun-15;Empleo Adecuado/Pleno;3.410.490;2.709.275;701.215;2.327.354;1.083.136;;;;;;;;;;;
ENEMDU;jun-15;Subempleo;977.785;600.976;376.810;593.873;383.913;;;;;;;;;;;
ENEMDU;jun-15;Subempleo por insuficiencia de tiempo de trabajo;803.598;499.793;303.805;459.321;344.277;;;;;;;;;;;
ENEMDU;jun-15;Subempleo por insuficiencia de ingresos;174.187;101.182;73.005;134.552;39.635;;;;;;;;;;;
ENEMDU;jun-15;Empleo no remunerado;623.781;223.526;400.255;171.516;452.265;;;;;;;;;;;
ENEMDU;jun-15;Otro Empleo no pleno;2.044.691;1.135.152;909.539;1.108.183;936.508;;;;;;;;;;;
ENEMDU;jun-15;Empleo no clasificado;41.836;38.786;3.050;23.168;18.668;;;;;;;;;;;
ENEMDU;jun-15;Desempleo;332.117;277.990;54.127;159.215;172.902;;;;;;;;;;;
ENEMDU;jun-15;Desempleo Abierto;272.560;237.491;35.069;132.159;140.401;;;;;;;;;;;
ENEMDU;jun-15;Desempleo Oculto;59.557;40.499;19.058;27.056;32.501;;;;;;;;;;;
ENEMDU;jun-15;Desempleo Cesante;253.886;217.732;36.154;126.010;127.876;;;;;;;;;;;
ENEMDU;jun-15;Desempleo Nuevo;78.231;60.258;17.973;33.206;45.025;;;;;;;;;;;
ENEMDU;jun-15;Población Económicamente Inactiva;3.851.383;2.840.307;1.011.076;1.085.847;2.765.536;;;;;;;;;;;
ENEMDU;sep-15;Población Total;16.312.205;11.073.820;5.238.385;8.035.655;8.276.550;;;;;;;;;;;
ENEMDU;sep-15;Población menor de 15 años;4.993.807;3.213.425;1.780.382;2.554.395;2.439.412;;;;;;;;;;;
ENEMDU;sep-15;Población en Edad de Trabajar (PET);11.318.398;7.860.395;3.458.003;5.481.260;5.837.138;;;;;;;;;;;
ENEMDU;sep-15;Población Económicamente Activa;7.599.717;5.135.610;2.464.107;4.436.007;3.163.711;;;;;;;;;;;
ENEMDU;sep-15;Empleo;7.274.221;4.854.005;2.420.216;4.284.388;2.989.833;;;;;;;;;;;
ENEMDU;sep-15;Empleo Adecuado/Pleno;3.495.965;2.793.417;702.548;2.331.221;1.164.744;;;;;;;;;;;
ENEMDU;sep-15;Subempleo;1.121.988;688.122;433.866;668.351;453.637;;;;;;;;;;;
ENEMDU;sep-15;Subempleo por insuficiencia de tiempo de trabajo;925.647;573.228;352.419;522.834;402.814;;;;;;;;;;;
ENEMDU;sep-15;Subempleo por insuficiencia de ingresos;196.340;114.893;81.447;145.517;50.823;;;;;;;;;;;
ENEMDU;sep-15;Empleo no remunerado;655.616;244.097;411.519;189.608;466.009;;;;;;;;;;;
ENEMDU;sep-15;Otro Empleo no pleno;1.961.901;1.092.254;869.648;1.070.997;890.904;;;;;;;;;;;
ENEMDU;sep-15;Empleo no clasificado;38.751;36.115;2.635;24.211;14.540;;;;;;;;;;;
ENEMDU;sep-15;Desempleo;325.496;281.605;43.892;151.619;173.878;;;;;;;;;;;
ENEMDU;sep-15;Desempleo Abierto;277.827;246.804;31.023;133.220;144.607;;;;;;;;;;;
ENEMDU;sep-15;Desempleo Oculto;47.669;34.800;12.868;18.398;29.271;;;;;;;;;;;
ENEMDU;sep-15;Desempleo Cesante;236.647;206.120;30.527;122.414;114.233;;;;;;;;;;;
ENEMDU;sep-15;Desempleo Nuevo;88.849;75.485;13.364;29.205;59.644;;;;;;;;;;;
ENEMDU;sep-15;Población Económicamente Inactiva;3.718.681;2.724.785;993.896;1.045.254;2.673.427;;;;;;;;;;;
ENEMDU;dic-15;Población Total;16.404.531;11.154.183;5.250.348;8.099.085;8.305.445;;;;;;;;;;;
ENEMDU;dic-15;Población menor de 15 años;5.005.254;3.216.707;1.788.548;2.564.567;2.440.688;;;;;;;;;;;
ENEMDU;dic-15;Población en Edad de Trabajar (PET);11.399.276;7.937.476;3.461.800;5.534.519;5.864.758;;;;;;;;;;;
ENEMDU;dic-15;Población Económicamente Activa;7.498.528;5.129.995;2.368.533;4.446.869;3.051.659;;;;;;;;;;;
ENEMDU;dic-15;Empleo;7.140.636;4.840.314;2.300.322;4.274.061;2.866.574;;;;;;;;;;;
ENEMDU;dic-15;Empleo Adecuado/Pleno;3.487.110;2.772.286;714.823;2.361.216;1.125.894;;;;;;;;;;;
ENEMDU;dic-15;Subempleo;1.050.646;653.874;396.772;621.028;429.618;;;;;;;;;;;
ENEMDU;dic-15;Subempleo por insuficiencia de tiempo de trabajo;848.626;532.630;315.996;469.358;379.269;;;;;;;;;;;
ENEMDU;dic-15;Subempleo por insuficiencia de ingresos;202.020;121.243;80.776;151.670;50.349;;;;;;;;;;;
ENEMDU;dic-15;Empleo no remunerado;574.061;218.673;355.388;178.616;395.445;;;;;;;;;;;
ENEMDU;dic-15;Otro Empleo no pleno;1.981.205;1.152.517;828.688;1.082.506;898.699;;;;;;;;;;;
ENEMDU;dic-15;Empleo no clasificado;47.614;42.964;4.650;30.695;16.919;;;;;;;;;;;
ENEMDU;dic-15;Desempleo;357.892;289.681;68.212;172.808;185.085;;;;;;;;;;;
ENEMDU;dic-15;Desempleo Abierto;274.939;236.151;38.788;140.369;134.570;;;;;;;;;;;
ENEMDU;dic-15;Desempleo Oculto;82.953;53.530;29.424;32.439;50.515;;;;;;;;;;;
ENEMDU;dic-15;Desempleo Cesante;254.234;217.720;36.515;138.072;116.163;;;;;;;;;;;
ENEMDU;dic-15;Desempleo Nuevo;103.658;71.961;31.697;34.736;68.922;;;;;;;;;;;
ENEMDU;dic-15;Población Económicamente Inactiva;3.900.748;2.807.481;1.093.267;1.087.649;2.813.099;;;;;;;;;;;
ENEMDU;mar-16;Población Total;16.467.779;11.215.431;5.252.348;8.081.544;8.386.234;;;;;;;;;;;
ENEMDU;mar-16;Población menor de 15 años;5.000.261;3.252.169;1.748.091;2.555.944;2.444.317;;;;;;;;;;;
ENEMDU;mar-16;Población en Edad de Trabajar (PET);11.467.518;7.963.261;3.504.256;5.525.601;5.941.917;;;;;;;;;;;
ENEMDU;mar-16;Población Económicamente Activa;7.861.661;5.270.453;2.591.208;4.498.739;3.362.922;;;;;;;;;;;
ENEMDU;mar-16;Empleo;7.412.671;4.882.929;2.529.742;4.299.203;3.113.467;;;;;;;;;;;
ENEMDU;mar-16;Empleo Adecuado/Pleno;3.142.554;2.560.967;581.587;2.082.621;1.059.933;;;;;;;;;;;
ENEMDU;mar-16;Subempleo;1.348.231;902.334;445.897;795.506;552.725;;;;;;;;;;;
ENEMDU;mar-16;Subempleo por insuficiencia de tiempo de trabajo;1.109.514;753.245;356.269;615.231;494.283;;;;;;;;;;;
ENEMDU;mar-16;Subempleo por insuficiencia de ingresos;238.717;149.089;89.629;180.275;58.442;;;;;;;;;;;
ENEMDU;mar-16;Empleo no remunerado;796.919;271.830;525.089;237.359;559.559;;;;;;;;;;;
ENEMDU;mar-16;Otro Empleo no pleno;2.100.225;1.124.168;976.056;1.166.943;933.282;;;;;;;;;;;
ENEMDU;mar-16;Empleo no clasificado;24.742;23.630;1.113;16.773;7.969;;;;;;;;;;;
ENEMDU;mar-16;Desempleo;448.990;387.524;61.466;199.536;249.455;;;;;;;;;;;
ENEMDU;mar-16;Desempleo Abierto;388.149;338.543;49.606;170.427;217.722;;;;;;;;;;;
ENEMDU;mar-16;Desempleo Oculto;60.842;48.981;11.860;29.109;31.733;;;;;;;;;;;
ENEMDU;mar-16;Desempleo Cesante;366.999;316.356;50.643;169.417;197.582;;;;;;;;;;;
ENEMDU;mar-16;Desempleo Nuevo;81.992;71.168;10.824;30.119;51.873;;;;;;;;;;;
ENEMDU;mar-16;Población Económicamente Inactiva;3.605.856;2.692.809;913.048;1.026.862;2.578.995;;;;;;;;;;;
ENEMDU;jun-16;Población Total;16.560.742;11.285.239;5.275.503;8.088.466;8.472.276;;;;;;;;;;;
ENEMDU;jun-16;Población menor de 15 años;5.003.458;3.233.917;1.769.541;2.513.983;2.489.475;;;;;;;;;;;
ENEMDU;jun-16;Población en Edad de Trabajar (PET);11.557.285;8.051.323;3.505.962;5.574.483;5.982.802;;;;;;;;;;;
ENEMDU;jun-16;Población Económicamente Activa;7.831.981;5.239.706;2.592.275;4.515.656;3.316.325;;;;;;;;;;;
ENEMDU;jun-16;Empleo;7.415.099;4.889.895;2.525.203;4.333.530;3.081.569;;;;;;;;;;;
ENEMDU;jun-16;Empleo Adecuado/Pleno;3.214.776;2.621.987;592.789;2.166.160;1.048.616;;;;;;;;;;;
ENEMDU;jun-16;Subempleo;1.277.717;801.621;476.096;757.352;520.365;;;;;;;;;;;
ENEMDU;jun-16;Subempleo por insuficiencia de tiempo de trabajo;1.060.671;678.760;381.911;587.130;473.541;;;;;;;;;;;
ENEMDU;jun-16;Subempleo por insuficiencia de ingresos;217.045;122.861;94.185;170.222;46.823;;;;;;;;;;;
ENEMDU;jun-16;Empleo no remunerado;759.390;251.728;507.662;228.364;531.026;;;;;;;;;;;
ENEMDU;jun-16;Otro Empleo no pleno;2.138.678;1.195.585;943.092;1.165.017;973.661;;;;;;;;;;;
ENEMDU;jun-16;Empleo no clasificado;24.539;18.975;5.564;16.637;7.902;;;;;;;;;;;
ENEMDU;jun-16;Desempleo;416.883;349.811;67.072;182.126;234.756;;;;;;;;;;;
ENEMDU;jun-16;Desempleo Abierto;364.300;310.947;53.353;164.873;199.427;;;;;;;;;;;
ENEMDU;jun-16;Desempleo Oculto;52.582;38.864;13.718;17.253;35.330;;;;;;;;;;;
ENEMDU;jun-16;Desempleo Cesante;351.373;295.933;55.440;164.426;186.947;;;;;;;;;;;
ENEMDU;jun-16;Desempleo Nuevo;65.510;53.878;11.632;17.701;47.809;;;;;;;;;;;
ENEMDU;jun-16;Población Económicamente Inactiva;3.725.303;2.811.617;913.687;1.058.827;2.666.476;;;;;;;;;;;
ENEMDU;sep-16;Población Total;16.593.827;11.313.724;5.280.103;8.201.943;8.391.884;;;;;;;;;;;
ENEMDU;sep-16;Población menor de 15 años;4.954.502;3.222.330;1.732.172;2.535.875;2.418.626;;;;;;;;;;;
ENEMDU;sep-16;Población en Edad de Trabajar (PET);11.639.325;8.091.394;3.547.931;5.666.067;5.973.258;;;;;;;;;;;
ENEMDU;sep-16;Población Económicamente Activa;8.057.159;5.363.829;2.693.330;4.586.361;3.470.798;;;;;;;;;;;
ENEMDU;sep-16;Empleo;7.637.986;5.005.457;2.632.529;4.395.386;3.242.600;;;;;;;;;;;
ENEMDU;sep-16;Empleo Adecuado/Pleno;3.154.513;2.546.754;607.759;2.111.768;1.042.746;;;;;;;;;;;
ENEMDU;sep-16;Subempleo;1.560.342;963.920;596.421;915.215;645.127;;;;;;;;;;;
ENEMDU;sep-16;Subempleo por insuficiencia de tiempo de trabajo;1.272.473;807.076;465.397;695.674;576.798;;;;;;;;;;;
ENEMDU;sep-16;Subempleo por insuficiencia de ingresos;287.869;156.845;131.024;219.540;68.329;;;;;;;;;;;
ENEMDU;sep-16;Empleo no remunerado;834.147;292.263;541.884;253.476;580.671;;;;;;;;;;;
ENEMDU;sep-16;Otro Empleo no pleno;2.063.849;1.182.648;881.202;1.097.791;966.058;;;;;;;;;;;
ENEMDU;sep-16;Empleo no clasificado;25.135;19.871;5.264;17.136;7.999;;;;;;;;;;;
ENEMDU;sep-16;Desempleo;419.173;358.372;60.802;190.975;228.198;;;;;;;;;;;
ENEMDU;sep-16;Desempleo Abierto;362.204;314.417;47.787;168.605;193.599;;;;;;;;;;;
ENEMDU;sep-16;Desempleo Oculto;56.969;43.955;13.014;22.370;34.599;;;;;;;;;;;
ENEMDU;sep-16;Desempleo Cesante;323.493;280.552;42.940;163.286;160.207;;;;;;;;;;;
ENEMDU;sep-16;Desempleo Nuevo;95.680;77.819;17.861;27.690;67.991;;;;;;;;;;;
ENEMDU;sep-16;Población Económicamente Inactiva;3.582.166;2.727.565;854.601;1.079.706;2.502.460;;;;;;;;;;;
ENEMDU;dic-16;Población Total;16.714.929;11.366.255;5.348.674;8.242.666;8.472.263;;;;;;;;;;;
ENEMDU;dic-16;Población menor de 15 años;5.018.798;3.223.678;1.795.120;2.556.803;2.461.995;;;;;;;;;;;
ENEMDU;dic-16;Población en Edad de Trabajar (PET);11.696.131;8.142.577;3.553.554;5.685.864;6.010.267;;;;;;;;;;;
ENEMDU;dic-16;Población Económicamente Activa;7.874.021;5.318.281;2.555.740;4.581.100;3.292.920;;;;;;;;;;;
ENEMDU;dic-16;Empleo;7.463.579;4.971.669;2.491.910;4.374.323;3.089.256;;;;;;;;;;;
ENEMDU;dic-16;Empleo Adecuado/Pleno;3.243.293;2.533.751;709.542;2.194.304;1.048.990;;;;;;;;;;;
ENEMDU;dic-16;Subempleo;1.564.825;1.001.485;563.340;935.989;628.836;;;;;;;;;;;
ENEMDU;dic-16;Subempleo por insuficiencia de tiempo de trabajo;1.253.264;807.184;446.080;698.932;554.332;;;;;;;;;;;
ENEMDU;dic-16;Subempleo por insuficiencia de ingresos;311.561;194.302;117.260;237.057;74.504;;;;;;;;;;;
ENEMDU;dic-16;Empleo no remunerado;660.893;258.945;401.949;191.973;468.920;;;;;;;;;;;
ENEMDU;dic-16;Otro Empleo no pleno;1.978.071;1.163.990;814.081;1.042.372;935.699;;;;;;;;;;;
ENEMDU;dic-16;Empleo no clasificado;16.497;13.498;2.999;9.686;6.811;;;;;;;;;;;
ENEMDU;dic-16;Desempleo;410.441;346.612;63.829;206.777;203.664;;;;;;;;;;;
ENEMDU;dic-16;Desempleo Abierto;321.582;280.152;41.430;162.054;159.527;;;;;;;;;;;
ENEMDU;dic-16;Desempleo Oculto;88.860;66.460;22.400;44.723;44.137;;;;;;;;;;;
ENEMDU;dic-16;Desempleo Cesante;298.298;257.530;40.768;158.133;140.165;;;;;;;;;;;
ENEMDU;dic-16;Desempleo Nuevo;112.144;89.082;23.062;48.645;63.499;;;;;;;;;;;
ENEMDU;dic-16;Población Económicamente Inactiva;3.822.110;2.824.296;997.814;1.104.763;2.717.347;;;;;;;;;;;
ENEMDU;mar-17;Población Total;16.738.420;11.381.745;5.356.674;8.267.898;8.470.522;;;;;;;;;;;
ENEMDU;mar-17;Población menor de 15 años;5.011.970;3.222.138;1.789.832;2.578.942;2.433.027;;;;;;;;;;;
ENEMDU;mar-17;Población en Edad de Trabajar (PET);11.726.450;8.159.608;3.566.842;5.688.956;6.037.494;;;;;;;;;;;
ENEMDU;mar-17;Población Económicamente Activa;8.084.382;5.350.429;2.733.953;4.610.724;3.473.658;;;;;;;;;;;
ENEMDU;mar-17;Empleo;7.728.968;5.048.482;2.680.487;4.445.576;3.283.393;;;;;;;;;;;
ENEMDU;mar-17;Empleo Adecuado/Pleno;3.112.953;2.530.096;582.857;2.089.042;1.023.912;;;;;;;;;;;
ENEMDU;mar-17;Subempleo;1.726.030;1.119.135;606.894;1.046.955;679.074;;;;;;;;;;;
ENEMDU;mar-17;Subempleo por insuficiencia de tiempo de trabajo;1.400.549;920.862;479.687;793.574;606.975;;;;;;;;;;;
ENEMDU;mar-17;Subempleo por insuficiencia de ingresos;325.480;198.273;127.207;253.381;72.100;;;;;;;;;;;
ENEMDU;mar-17;Empleo no remunerado;879.801;289.532;590.269;250.918;628.882;;;;;;;;;;;
ENEMDU;mar-17;Otro Empleo no pleno;1.994.537;1.095.420;899.117;1.047.770;946.767;;;;;;;;;;;
ENEMDU;mar-17;Empleo no clasificado;15.648;14.299;1.350;10.891;4.757;;;;;;;;;;;
ENEMDU;mar-17;Desempleo;355.414;301.948;53.466;165.148;190.266;;;;;;;;;;;
ENEMDU;mar-17;Desempleo Abierto;314.283;270.634;43.649;150.484;163.800;;;;;;;;;;;
ENEMDU;mar-17;Desempleo Oculto;41.130;31.314;9.817;14.664;26.466;;;;;;;;;;;
ENEMDU;mar-17;Desempleo Cesante;277.646;242.089;35.557;135.299;142.347;;;;;;;;;;;
ENEMDU;mar-17;Desempleo Nuevo;77.768;59.859;17.909;29.849;47.919;;;;;;;;;;;
ENEMDU;mar-17;Población Económicamente Inactiva;3.642.068;2.809.179;832.889;1.078.232;2.563.836;;;;;;;;;;;
ENEMDU;jun-17;Población Total ;16.746.087;11.385.717;5.360.370;8.265.826;8.480.261;;;;;;;;;;;
ENEMDU;jun-17;Población menor de 15 años;4.889.667;3.109.207;1.780.460;2.501.703;2.387.964;;;;;;;;;;;
ENEMDU;jun-17;Población en Edad de Trabajar (PET);11.856.420;8.276.510;3.579.910;5.764.123;6.092.297;;;;;;;;;;;
ENEMDU;jun-17;Población Económicamente Activa;8.147.564;5.439.733;2.707.830;4.663.204;3.484.359;;;;;;;;;;;
ENEMDU;jun-17;Empleo;7.781.560;5.125.446;2.656.114;4.501.384;3.280.177;;;;;;;;;;;
ENEMDU;jun-17;Empleo Adecuado/Pleno;3.267.363;2.664.344;603.020;2.190.224;1.077.139;;;;;;;;;;;
ENEMDU;jun-17;Subempleo;1.668.577;1.039.886;628.691;1.003.556;665.021;;;;;;;;;;;
ENEMDU;jun-17;Subempleo por insuficiencia de tiempo de trabajo;1.322.184;840.337;481.847;731.628;590.556;;;;;;;;;;;
ENEMDU;jun-17;Subempleo por insuficiencia de ingresos;346.393;199.549;146.844;271.928;74.465;;;;;;;;;;;
ENEMDU;jun-17;Empleo no remunerado;828.059;274.950;553.109;252.894;575.165;;;;;;;;;;;
ENEMDU;jun-17;Otro Empleo no pleno;1.978.784;1.109.977;868.807;1.030.967;947.818;;;;;;;;;;;
ENEMDU;jun-17;Empleo no clasificado;38.777;36.289;2.488;23.743;15.034;;;;;;;;;;;
ENEMDU;jun-17;Desempleo;366.004;314.287;51.716;161.821;204.183;;;;;;;;;;;
ENEMDU;jun-17;Desempleo Abierto;322.247;276.378;45.869;143.915;178.333;;;;;;;;;;;
ENEMDU;jun-17;Desempleo Oculto;43.756;37.909;5.847;17.906;25.850;;;;;;;;;;;
ENEMDU;jun-17;Desempleo Cesante;272.684;239.357;33.327;130.111;142.573;;;;;;;;;;;
ENEMDU;jun-17;Desempleo Nuevo;93.320;74.930;18.389;31.710;61.610;;;;;;;;;;;
ENEMDU;jun-17;Población Económicamente Inactiva;3.708.856;2.836.777;872.079;1.100.918;2.607.938;;;;;;;;;;;
ENEMDU;sep-17;Población Total ;16.838.460;11.471.519;5.366.940;8.307.046;8.531.414;;;;;;;;;;;
ENEMDU;sep-17;Población menor de 15 años;4.958.896;3.193.260;1.765.636;2.552.142;2.406.755;;;;;;;;;;;
ENEMDU;sep-17;Población en Edad de Trabajar (PET);11.879.564;8.278.259;3.601.305;5.754.904;6.124.659;;;;;;;;;;;
ENEMDU;sep-17;Población Económicamente Activa;8.181.049;5.467.380;2.713.668;4.682.508;3.498.541;;;;;;;;;;;
ENEMDU;sep-17;Empleo;7.842.471;5.174.135;2.668.336;4.534.042;3.308.429;;;;;;;;;;;
ENEMDU;sep-17;Empleo Adecuado/Pleno;3.303.565;2.662.423;641.142;2.228.299;1.075.265;;;;;;;;;;;
ENEMDU;sep-17;Subempleo;1.679.858;1.054.659;625.199;966.904;712.954;;;;;;;;;;;
ENEMDU;sep-17;Subempleo por insuficiencia de tiempo de trabajo;1.330.167;853.227;476.940;698.811;631.356;;;;;;;;;;;
ENEMDU;sep-17;Subempleo por insuficiencia de ingresos;349.691;201.432;148.259;268.094;81.598;;;;;;;;;;;
ENEMDU;sep-17;Empleo no remunerado;823.329;286.111;537.218;269.057;554.273;;;;;;;;;;;
ENEMDU;sep-17;Otro Empleo no pleno;2.020.779;1.156.589;864.190;1.059.177;961.603;;;;;;;;;;;
ENEMDU;sep-17;Empleo no clasificado;14.940;14.354;586;10.605;4.334;;;;;;;;;;;
ENEMDU;sep-17;Desempleo;338.577;293.245;45.333;148.466;190.112;;;;;;;;;;;
ENEMDU;sep-17;Desempleo Abierto;296.327;260.861;35.465;132.990;163.337;;;;;;;;;;;
ENEMDU;sep-17;Desempleo Oculto;42.251;32.383;9.867;15.476;26.775;;;;;;;;;;;
ENEMDU;sep-17;Desempleo Cesante;258.848;227.740;31.108;117.554;141.293;;;;;;;;;;;
ENEMDU;sep-17;Desempleo Nuevo;79.730;65.505;14.225;30.911;48.818;;;;;;;;;;;
ENEMDU;sep-17;Población Económicamente Inactiva;3.698.515;2.810.879;887.636;1.072.396;2.626.119;;;;;;;;;;;
ENEMDU;dic-17;Población Total ;16.961.926;11.576.222;5.385.705;8.393.133;8.568.793;;;;;;;;;;;
ENEMDU;dic-17;Población menor de 15 años;5.023.998;3.240.642;1.783.357;2.605.729;2.418.270;;;;;;;;;;;
ENEMDU;dic-17;Población en Edad de Trabajar (PET);11.937.928;8.335.580;3.602.348;5.787.405;6.150.524;;;;;;;;;;;
ENEMDU;dic-17;Población Económicamente Activa;8.086.048;5.489.389;2.596.659;4.666.457;3.419.591;;;;;;;;;;;
ENEMDU;dic-17;Empleo;7.712.177;5.169.942;2.542.236;4.498.929;3.213.249;;;;;;;;;;;
ENEMDU;dic-17;Empleo Adecuado/Pleno;3.417.483;2.764.716;652.768;2.310.322;1.107.161;;;;;;;;;;;
ENEMDU;dic-17;Subempleo;1.602.909;1.009.671;593.239;932.908;670.002;;;;;;;;;;;
ENEMDU;dic-17;Subempleo por insuficiencia de tiempo de trabajo;1.235.759;791.600;444.159;657.124;578.635;;;;;;;;;;;
ENEMDU;dic-17;Subempleo por insuficiencia de ingresos;367.151;218.071;149.079;275.784;91.367;;;;;;;;;;;
ENEMDU;dic-17;Empleo no remunerado;727.778;271.059;456.719;205.950;521.828;;;;;;;;;;;
ENEMDU;dic-17;Otro Empleo no pleno;1.951.060;1.112.178;838.881;1.040.569;910.491;;;;;;;;;;;
ENEMDU;dic-17;Empleo no clasificado;12.947;12.318;630;9.180;3.767;;;;;;;;;;;
ENEMDU;dic-17;Desempleo;373.871;319.447;54.423;167.529;206.342;;;;;;;;;;;
ENEMDU;dic-17;Desempleo Abierto;300.956;266.821;34.135;134.912;166.045;;;;;;;;;;;
ENEMDU;dic-17;Desempleo Oculto;72.914;52.626;20.288;32.617;40.298;;;;;;;;;;;
ENEMDU;dic-17;Desempleo Cesante;268.219;234.654;33.564;129.562;138.656;;;;;;;;;;;
ENEMDU;dic-17;Desempleo Nuevo;105.652;84.793;20.859;37.966;67.686;;;;;;;;;;;
ENEMDU;dic-17;Población Económicamente Inactiva;3.851.880;2.846.191;1.005.689;1.120.947;2.730.933;;;;;;;;;;;
ENEMDU;mar-18;Población Total;17.008.162;11.620.000;5.388.162;8.374.724;8.633.438;;;;;;;;;;;
ENEMDU;mar-18;Población menor de 15 años;5.023.315;3.283.213;1.740.101;2.549.993;2.473.321;;;;;;;;;;;
ENEMDU;mar-18;Población en Edad de Trabajar (PET);11.984.847;8.336.786;3.648.061;5.824.730;6.160.117;;;;;;;;;;;
ENEMDU;mar-18;Población Económicamente Activa;8.164.425;5.439.125;2.725.300;4.740.765;3.423.660;;;;;;;;;;;
ENEMDU;mar-18;Empleo;7.802.374;5.129.893;2.672.481;4.576.976;3.225.398;;;;;;;;;;;
ENEMDU;mar-18;Empleo Adecuado/Pleno;3.356.562;2.726.104;630.458;2.239.844;1.116.718;;;;;;;;;;;
ENEMDU;mar-18;Subempleo;1.498.139;941.409;556.730;921.488;576.651;;;;;;;;;;;
ENEMDU;mar-18;Subempleo por insuficiencia de tiempo de trabajo;1.193.096;764.916;428.180;687.257;505.839;;;;;;;;;;;
ENEMDU;mar-18;Subempleo por insuficiencia de ingresos;305.043;176.493;128.550;234.230;70.813;;;;;;;;;;;
ENEMDU;mar-18;Empleo no remunerado;831.628;275.624;556.004;250.699;580.929;;;;;;;;;;;
ENEMDU;mar-18;Otro Empleo no pleno;2.096.972;1.168.609;928.363;1.151.985;944.987;;;;;;;;;;;
ENEMDU;mar-18;Empleo no clasificado;19.073;18.147;925;12.961;6.112;;;;;;;;;;;
ENEMDU;mar-18;Desempleo;362.051;309.232;52.819;163.789;198.262;;;;;;;;;;;
ENEMDU;mar-18;Desempleo Abierto;327.391;285.326;42.065;148.657;178.734;;;;;;;;;;;
ENEMDU;mar-18;Desempleo Oculto;34.660;23.906;10.754;15.133;19.527;;;;;;;;;;;
ENEMDU;mar-18;Desempleo Cesante;273.577;239.316;34.262;129.964;143.614;;;;;;;;;;;
ENEMDU;mar-18;Desempleo Nuevo;88.474;69.916;18.558;33.826;54.648;;;;;;;;;;;
ENEMDU;mar-18;Población Económicamente Inactiva;3.820.422;2.897.661;922.761;1.083.965;2.736.457;;;;;;;;;;;
ENEMDU;jun-18;Población Total;17.054.523;11.625.674;5.428.849;8.440.141;8.614.382;;;;;;;;;;;
ENEMDU;jun-18;Población menor de 15 años;5.030.677;3.254.082;1.776.595;2.570.624;2.460.053;;;;;;;;;;;
ENEMDU;jun-18;Población en Edad de Trabajar (PET);12.023.846;8.371.592;3.652.255;5.869.517;6.154.329;;;;;;;;;;;
ENEMDU;jun-18;Población Económicamente Activa;7.978.870;5.290.872;2.687.997;4.628.190;3.350.679;;;;;;;;;;;
ENEMDU;jun-18;Empleo;7.648.773;5.015.089;2.633.683;4.468.614;3.180.159;;;;;;;;;;;
ENEMDU;jun-18;Empleo Adecuado/Pleno;3.105.674;2.520.593;585.081;2.133.473;972.201;;;;;;;;;;;
ENEMDU;jun-18;Subempleo;1.544.373;976.038;568.335;953.103;591.270;;;;;;;;;;;
ENEMDU;jun-18;Subempleo por insuficiencia de tiempo de trabajo;1.223.986;777.596;446.390;693.035;530.951;;;;;;;;;;;
ENEMDU;jun-18;Subempleo por insuficiencia de ingresos;320.388;198.442;121.945;260.069;60.319;;;;;;;;;;;
ENEMDU;jun-18;Empleo no remunerado;838.730;272.068;566.662;245.528;593.202;;;;;;;;;;;
ENEMDU;jun-18;Otro Empleo no pleno;2.116.670;1.208.742;907.928;1.108.277;1.008.394;;;;;;;;;;;
ENEMDU;jun-18;Empleo no clasificado;43.325;37.648;5.677;28.232;15.093;;;;;;;;;;;
ENEMDU;jun-18;Desempleo;330.097;275.783;54.314;159.577;170.520;;;;;;;;;;;
ENEMDU;jun-18;Desempleo Abierto;286.484;251.307;35.177;139.119;147.365;;;;;;;;;;;
ENEMDU;jun-18;Desempleo Oculto;43.613;24.476;19.137;20.458;23.155;;;;;;;;;;;
ENEMDU;jun-18;Desempleo Cesante;239.154;199.188;39.967;122.354;116.800;;;;;;;;;;;
ENEMDU;jun-18;Desempleo Nuevo;90.943;76.595;14.348;37.223;53.720;;;;;;;;;;;
ENEMDU;jun-18;Población Económicamente Inactiva;4.044.977;3.080.720;964.257;1.241.327;2.803.650;;;;;;;;;;;
ENEMDU;sep-18;Población Total;17.084.713;11.650.950;5.433.763;8.362.201;8.722.512;;;;;;;;;;;
ENEMDU;sep-18;Población menor de 15 años;4.944.950;3.187.834;1.757.116;2.424.466;2.520.484;;;;;;;;;;;
ENEMDU;sep-18;Población en Edad de Trabajar (PET);12.139.763;8.463.116;3.676.647;5.937.734;6.202.029;;;;;;;;;;;
ENEMDU;sep-18;Población Económicamente Activa;8.266.443;5.519.515;2.746.928;4.754.022;3.512.421;;;;;;;;;;;
ENEMDU;sep-18;Empleo;7.933.625;5.232.681;2.700.944;4.590.462;3.343.163;;;;;;;;;;;
ENEMDU;sep-18;Empleo Adecuado/Pleno;3.274.463;2.691.697;582.766;2.224.390;1.050.073;;;;;;;;;;;
ENEMDU;sep-18;Subempleo;1.605.884;987.731;618.153;960.588;645.296;;;;;;;;;;;
ENEMDU;sep-18;Subempleo por insuficiencia de tiempo de trabajo;1.296.762;808.250;488.512;732.826;563.936;;;;;;;;;;;
ENEMDU;sep-18;Subempleo por insuficiencia de ingresos;309.122;179.481;129.641;227.762;81.360;;;;;;;;;;;
ENEMDU;sep-18;Empleo no remunerado;879.552;290.093;589.459;249.413;630.139;;;;;;;;;;;
ENEMDU;sep-18;Otro Empleo no pleno;2.124.567;1.216.217;908.350;1.124.608;999.959;;;;;;;;;;;
ENEMDU;sep-18;Empleo no clasificado;49.159;46.943;2.216;31.463;17.696;;;;;;;;;;;
ENEMDU;sep-18;Desempleo;332.818;286.834;45.984;163.560;169.258;;;;;;;;;;;
ENEMDU;sep-18;Desempleo Abierto;283.082;250.000;33.081;136.240;146.842;;;;;;;;;;;
ENEMDU;sep-18;Desempleo Oculto;49.736;36.834;12.903;27.320;22.416;;;;;;;;;;;
ENEMDU;sep-18;Desempleo Cesante;230.035;205.023;25.012;116.538;113.497;;;;;;;;;;;
ENEMDU;sep-18;Desempleo Nuevo;102.783;81.811;20.972;47.023;55.761;;;;;;;;;;;
ENEMDU;sep-18;Población Económicamente Inactiva;3.873.320;2.943.601;929.719;1.183.712;2.689.608;;;;;;;;;;;
ENEMDU;dic-18;Población Total;17.223.542;11.748.197;5.475.345;8.429.370;8.794.172;;;;;;;;;;;
ENEMDU;dic-18;Población menor de 15 años;4.984.519;3.213.682;1.770.837;2.443.701;2.540.818;;;;;;;;;;;
ENEMDU;dic-18;Población en Edad de Trabajar (PET);12.239.023;8.534.515;3.704.508;5.985.669;6.253.354;;;;;;;;;;;
ENEMDU;dic-18;Población Económicamente Activa;8.027.130;5.384.306;2.642.824;4.688.580;3.338.550;;;;;;;;;;;
ENEMDU;dic-18;Empleo;7.731.032;5.125.687;2.605.345;4.541.320;3.189.713;;;;;;;;;;;
ENEMDU;dic-18;Empleo Adecuado/Pleno;3.262.079;2.653.241;608.838;2.178.216;1.083.863;;;;;;;;;;;
ENEMDU;dic-18;Subempleo;1.323.724;878.428;445.297;805.920;517.804;;;;;;;;;;;
ENEMDU;dic-18;Subempleo por insuficiencia de tiempo de trabajo;1.074.228;716.073;358.155;620.868;453.360;;;;;;;;;;;
ENEMDU;dic-18;Subempleo por insuficiencia de ingresos;249.497;162.355;87.142;185.052;64.445;;;;;;;;;;;
ENEMDU;dic-18;Empleo no remunerado;798.391;261.391;537.000;237.736;560.656;;;;;;;;;;;
ENEMDU;dic-18;Otro Empleo no pleno;2.313.023;1.300.129;1.012.895;1.299.259;1.013.765;;;;;;;;;;;
ENEMDU;dic-18;Empleo no clasificado;33.814;32.499;1.315;20.190;13.624;;;;;;;;;;;
ENEMDU;dic-18;Desempleo;296.097;258.619;37.478;147.260;148.837;;;;;;;;;;;
ENEMDU;dic-18;Desempleo Abierto;239.361;215.943;23.417;121.300;118.060;;;;;;;;;;;
ENEMDU;dic-18;Desempleo Oculto;56.737;42.676;14.061;25.960;30.777;;;;;;;;;;;
ENEMDU;dic-18;Desempleo Cesante;195.168;175.295;19.873;105.133;90.035;;;;;;;;;;;
ENEMDU;dic-18;Desempleo Nuevo;100.929;83.323;17.605;42.127;58.802;;;;;;;;;;;
ENEMDU;dic-18;Población Económicamente Inactiva;4.211.893;3.150.209;1.061.684;1.297.089;2.914.804;;;;;;;;;;;
ENEMDU;mar-19;Población Total;17.272.020;11.773.337;5.498.683;8.453.879;8.818.141;;;;;;;;;;;
ENEMDU;mar-19;Población menor de 15 años;4.999.163;3.220.836;1.778.327;2.451.045;2.548.118;;;;;;;;;;;
ENEMDU;mar-19;Población en Edad de Trabajar (PET);12.272.857;8.552.501;3.720.356;6.002.834;6.270.023;;;;;;;;;;;
ENEMDU;mar-19;Población Económicamente Activa;8.162.787;5.397.912;2.764.876;4.749.778;3.413.009;;;;;;;;;;;
ENEMDU;mar-19;Empleo;7.786.532;5.083.460;2.703.072;4.568.387;3.218.145;;;;;;;;;;;
ENEMDU;mar-19;Empleo Adecuado/Pleno;3.094.795;2.536.513;558.282;2.079.214;1.015.581;;;;;;;;;;;
ENEMDU;mar-19;Subempleo;1.524.118;996.390;527.727;973.124;550.993;;;;;;;;;;;
ENEMDU;mar-19;Subempleo por insuficiencia de tiempo de trabajo;1.275.305;843.442;431.862;778.461;496.844;;;;;;;;;;;
ENEMDU;mar-19;Subempleo por insuficiencia de ingresos;248.813;152.948;95.865;194.663;54.150;;;;;;;;;;;
ENEMDU;mar-19;Empleo no remunerado;895.242;252.447;642.795;264.690;630.552;;;;;;;;;;;
ENEMDU;mar-19;Otro Empleo no pleno;2.222.111;1.249.865;972.245;1.218.890;1.003.221;;;;;;;;;;;
ENEMDU;mar-19;Empleo no clasificado;50.267;48.244;2.022;32.470;17.797;;;;;;;;;;;
ENEMDU;mar-19;Desempleo;376.255;314.452;61.803;181.391;194.864;;;;;;;;;;;
ENEMDU;mar-19;Desempleo Abierto;318.393;271.854;46.539;157.528;160.866;;;;;;;;;;;
ENEMDU;mar-19;Desempleo Oculto;57.862;42.597;15.264;23.863;33.999;;;;;;;;;;;
ENEMDU;mar-19;Desempleo Cesante;281.108;236.596;44.511;139.372;141.736;;;;;;;;;;;
ENEMDU;mar-19;Desempleo Nuevo;95.147;77.855;17.292;42.019;53.129;;;;;;;;;;;
ENEMDU;mar-19;Población Económicamente Inactiva;4.110.070;3.154.589;955.481;1.253.056;2.857.014;;;;;;;;;;;
ENEMDU;jun-19;Población Total;17.332.994;11.799.598;5.533.396; 8.483.749 ; 8.849.245 ;;;;;;;;;;;
ENEMDU;jun-19;Población menor de 15 años;5.016.800;3.226.438;1.790.362; 2.459.691 ; 2.557.109 ;;;;;;;;;;;
ENEMDU;jun-19;Población en Edad de Trabajar (PET);12.316.194;8.573.161;3.743.033; 6.024.058 ; 6.292.136 ;;;;;;;;;;;
ENEMDU;jun-19;Población Económicamente Activa;8.231.949;5.427.660;2.804.289; 4.736.753 ; 3.495.196 ;;;;;;;;;;;
ENEMDU;jun-19;Empleo;7.865.786;5.125.136;2.740.650; 4.563.264 ; 3.302.522 ;;;;;;;;;;;
ENEMDU;jun-19;Empleo Adecuado/Pleno;3.123.743;2.548.973;574.770; 2.121.963 ; 1.001.780 ;;;;;;;;;;;
ENEMDU;jun-19;Subempleo;1.667.278;1.035.658;631.620; 1.001.520 ; 665.758 ;;;;;;;;;;;
ENEMDU;jun-19;Subempleo por insuficiencia de tiempo de trabajo;1.377.417;870.880;506.538; 803.747 ; 573.671 ;;;;;;;;;;;
ENEMDU;jun-19;Subempleo por insuficiencia de ingresos;289.861;164.778;125.082; 197.773 ; 92.088 ;;;;;;;;;;;
ENEMDU;jun-19;Empleo no remunerado;855.741;263.118;592.623; 272.927 ; 582.814 ;;;;;;;;;;;
ENEMDU;jun-19;Otro Empleo no pleno;2.169.741;1.230.909;938.832; 1.135.409 ; 1.034.332 ;;;;;;;;;;;
ENEMDU;jun-19;Empleo no clasificado;49.282;46.477;2.805; 31.444 ; 17.838 ;;;;;;;;;;;
ENEMDU;jun-19;Desempleo;366.163;302.525;63.639; 173.489 ; 192.674 ;;;;;;;;;;;
ENEMDU;jun-19;Desempleo Abierto;302.374;256.581;45.793; 147.639 ; 154.735 ;;;;;;;;;;;
ENEMDU;jun-19;Desempleo Oculto;63.790;45.944;17.846; 25.850 ; 37.939 ;;;;;;;;;;;
ENEMDU;jun-19;Desempleo Cesante;248.305;208.495;39.811; 121.603 ; 126.703 ;;;;;;;;;;;
ENEMDU;jun-19;Desempleo Nuevo;117.858;94.030;23.828; 51.886 ; 65.971 ;;;;;;;;;;;
ENEMDU;jun-19;Población Económicamente Inactiva;4.084.245;3.145.500;938.744; 1.287.305 ; 2.796.940 ;;;;;;;;;;;
ENEMDU;sep-19;Población Total;17.393.811;11.857.315;5.536.496; 8.513.489 ; 8.880.322 ;;;;;;;;;;;
ENEMDU;sep-19;Población menor de 15 años;5.034.411;3.244.220;1.790.191; 2.468.327 ; 2.566.084 ;;;;;;;;;;;
ENEMDU;sep-19;Población en Edad de Trabajar (PET);12.359.400;8.613.095;3.746.305; 6.045.162 ; 6.314.238 ;;;;;;;;;;;
ENEMDU;sep-19;Población Económicamente Activa;8.379.355;5.567.995;2.811.361; 4.798.767 ; 3.580.588 ;;;;;;;;;;;
ENEMDU;sep-19;Empleo;7.972.485;5.237.053;2.735.431; 4.606.990 ; 3.365.494 ;;;;;;;;;;;
ENEMDU;sep-19;Empleo Adecuado/Pleno;3.228.032;2.633.820;594.213; 2.149.089 ; 1.078.943 ;;;;;;;;;;;
ENEMDU;sep-19;Subempleo;1.649.346;1.024.458;624.888; 1.006.512 ; 642.835 ;;;;;;;;;;;
ENEMDU;sep-19;Subempleo por insuficiencia de tiempo de trabajo;1.369.552;866.211;503.341; 796.035 ; 573.517 ;;;;;;;;;;;
ENEMDU;sep-19;Subempleo por insuficiencia de ingresos;279.794;158.247;121.548; 210.476 ; 69.318 ;;;;;;;;;;;
ENEMDU;sep-19;Empleo no remunerado;870.833;270.698;600.135; 248.682 ; 622.151 ;;;;;;;;;;;
ENEMDU;sep-19;Otro Empleo no pleno;2.171.045;1.258.855;912.190; 1.167.245 ; 1.003.799 ;;;;;;;;;;;
ENEMDU;sep-19;Empleo no clasificado;53.228;49.222;4.005; 35.462 ; 17.766 ;;;;;;;;;;;
ENEMDU;sep-19;Desempleo;406.871;330.941;75.929; 191.777 ; 215.094 ;;;;;;;;;;;
ENEMDU;sep-19;Desempleo Abierto;347.428;291.813;55.615; 162.258 ; 185.170 ;;;;;;;;;;;
ENEMDU;sep-19;Desempleo Oculto;59.442;39.129;20.314; 29.519 ; 29.924 ;;;;;;;;;;;
ENEMDU;sep-19;Desempleo Cesante;289.479;242.259;47.219; 147.584 ; 141.894 ;;;;;;;;;;;
ENEMDU;sep-19;Desempleo Nuevo;117.392;88.682;28.710; 44.192 ; 73.200 ;;;;;;;;;;;
ENEMDU;sep-19;Población Económicamente Inactiva;3.980.045;3.045.100;934.944; 1.246.395 ; 2.733.650 ;;;;;;;;;;;
ENEMDU;dic-19;Población Total; 17.454.560 ; 11.904.109 ; 5.550.451 ; 8.543.223 ; 8.911.337 ;;;;;;;;;;;
ENEMDU;dic-19;Población menor de 15 años; 5.051.995 ; 3.257.474 ; 1.794.521 ; 2.476.948 ; 2.575.047 ;;;;;;;;;;;
ENEMDU;dic-19;Población en Edad de Trabajar (PET); 12.402.565 ; 8.646.635 ; 3.755.930 ; 6.066.275 ; 6.336.290 ;;;;;;;;;;;
ENEMDU;dic-19;Población Económicamente Activa; 8.099.030 ; 5.384.696 ; 2.714.334 ; 4.711.947 ; 3.387.083 ;;;;;;;;;;;
ENEMDU;dic-19;Empleo; 7.787.896 ; 5.118.287 ; 2.669.609 ; 4.557.924 ; 3.229.972 ;;;;;;;;;;;
ENEMDU;dic-19;Empleo Adecuado/Pleno; 3.146.297 ; 2.585.800 ; 560.497 ; 2.111.339 ; 1.034.958 ;;;;;;;;;;;
ENEMDU;dic-19;Subempleo; 1.440.983 ; 914.201 ; 526.782 ; 893.779 ; 547.204 ;;;;;;;;;;;
ENEMDU;dic-19;Subempleo por insuficiencia de tiempo de trabajo; 1.190.073 ; 772.706 ; 417.368 ; 705.656 ; 484.417 ;;;;;;;;;;;
ENEMDU;dic-19;Subempleo por insuficiencia de ingresos; 250.910 ; 141.495 ; 109.414 ; 188.124 ; 62.786 ;;;;;;;;;;;
ENEMDU;dic-19;Empleo no remunerado; 884.617 ; 263.041 ; 621.575 ; 259.861 ; 624.756 ;;;;;;;;;;;
ENEMDU;dic-19;Otro Empleo no pleno; 2.268.077 ; 1.309.199 ; 958.877 ; 1.264.413 ; 1.003.664 ;;;;;;;;;;;
ENEMDU;dic-19;Empleo no clasificado;47.923;46.045;1.877;28.532;19.390;;;;;;;;;;;
ENEMDU;dic-19;Desempleo; 311.134 ; 266.409 ;44.724; 154.022 ; 157.111 ;;;;;;;;;;;
ENEMDU;dic-19;Desempleo Abierto; 271.917 ; 239.489 ;32.428; 144.398 ; 127.518 ;;;;;;;;;;;
ENEMDU;dic-19;Desempleo Oculto;39.217;26.920;12.296;9.624;29.593;;;;;;;;;;;
ENEMDU;dic-19;Desempleo Cesante; 222.297 ; 192.998 ;29.299; 114.769 ; 107.529 ;;;;;;;;;;;
ENEMDU;dic-19;Desempleo Nuevo;88.836;73.411;15.425;39.254;49.582;;;;;;;;;;;
ENEMDU;dic-19;Población Económicamente Inactiva; 4.303.535 ; 3.261.939 ; 1.041.596 ; 1.354.328 ; 2.949.207 ;;;;;;;;;;;
ENEMDU*;sep-20;Población Total; 17.635.490 ; 12.022.763 ; 5.612.727 ; 8.631.781 ; 9.003.709 ;;;;;;;;;;;
ENEMDU*;sep-20;Población menor de 15 años; 5.104.363 ; 3.289.347 ; 1.815.016 ; 2.502.624 ; 2.601.739 ;;;;;;;;;;;
ENEMDU*;sep-20;Población en Edad de Trabajar (PET); 12.531.127 ; 8.733.416 ; 3.797.711 ; 6.129.157 ; 6.401.970 ;;;;;;;;;;;
ENEMDU*;sep-20;Población Económicamente Activa; 7.993.136 ; 5.276.571 ; 2.716.565 ; 4.714.028 ; 3.279.108 ;;;;;;;;;;;
ENEMDU*;sep-20;Empleo; 7.501.527 ; 4.853.126 ; 2.648.401 ; 4.469.749 ; 3.031.778 ;;;;;;;;;;;
ENEMDU*;sep-20;Empleo Adecuado/Pleno; 2.458.819 ; 2.012.438 ; 446.380 ; 1.654.449 ; 804.370 ;;;;;;;;;;;
ENEMDU*;sep-20;Subempleo; 1.949.825 ; 1.289.924 ; 659.901 ; 1.182.327 ; 767.498 ;;;;;;;;;;;
ENEMDU*;sep-20;Subempleo por insuficiencia de tiempo de trabajo; 1.735.566 ; 1.149.196 ; 586.370 ; 1.019.078 ; 716.488 ;;;;;;;;;;;
ENEMDU*;sep-20;Subempleo por insuficiencia de ingresos; 214.259 ;140.728;73.531;163.249;51.010;;;;;;;;;;;
ENEMDU*;sep-20;Empleo no remunerado; 945.753 ; 286.911 ; 658.842 ; 338.791 ; 606.962 ;;;;;;;;;;;
ENEMDU*;sep-20;Otro Empleo no pleno; 2.091.314 ; 1.216.506 ; 874.808 ; 1.264.424 ; 826.891 ;;;;;;;;;;;
ENEMDU*;sep-20;Empleo no clasificado;55.816;47.347;8.469;29.759;26.057;;;;;;;;;;;
ENEMDU*;sep-20;Desempleo; 491.609 ; 423.445 ;68.164; 244.280 ; 247.329 ;;;;;;;;;;;
ENEMDU*;sep-20;Desempleo Abierto; 429.777 ; 374.781 ;54.996; 211.408 ; 218.368 ;;;;;;;;;;;
ENEMDU*;sep-20;Desempleo Oculto;61.832;48.664;13.168;32.871;28.961;;;;;;;;;;;
ENEMDU*;sep-20;Desempleo Cesante; 384.528 ; 333.076 ;51.452; 198.180 ; 186.348 ;;;;;;;;;;;
ENEMDU*;sep-20;Desempleo Nuevo;107.081;90.369;16.712;46.099;60.981;;;;;;;;;;;
ENEMDU*;sep-20;Población Económicamente Inactiva; 4.537.991 ; 3.456.845 ; 1.081.146 ; 1.415.129 ; 3.122.862 ;;;;;;;;;;;
ENEMDU*;oct-20;Población Total; 17.655.492 ; 12.036.399 ; 5.619.093 ; 8.641.569 ; 9.013.923 ;;;;;;;;;;;
ENEMDU*;oct-20;Población menor de 15 años; 5.110.152 ; 3.293.078 ; 1.817.074 ; 2.505.462 ; 2.604.690 ;;;;;;;;;;;
ENEMDU*;oct-20;Población en Edad de Trabajar (PET); 12.545.340 ; 8.743.321 ; 3.802.019 ; 6.136.107 ; 6.409.233 ;;;;;;;;;;;
ENEMDU*;oct-20;Población Económicamente Activa; 8.282.798 ; 5.474.057 ; 2.808.742 ; 4.882.433 ; 3.400.365 ;;;;;;;;;;;
ENEMDU*;oct-20;Empleo; 7.805.426 ; 5.060.713 ; 2.744.713 ; 4.645.748 ; 3.159.678 ;;;;;;;;;;;
ENEMDU*;oct-20;Empleo Adecuado/Pleno; 2.339.425 ; 1.847.178 ; 492.247 ; 1.578.131 ; 761.294 ;;;;;;;;;;;
ENEMDU*;oct-20;Subempleo; 2.145.933 ; 1.517.928 ; 628.005 ; 1.358.333 ; 787.599 ;;;;;;;;;;;
ENEMDU*;oct-20;Subempleo por insuficiencia de tiempo de trabajo; 1.890.025 ; 1.354.209 ; 535.816 ; 1.163.625 ; 726.401 ;;;;;;;;;;;
ENEMDU*;oct-20;Subempleo por insuficiencia de ingresos; 255.907 ;163.718;92.189; 194.709 ;61.199;;;;;;;;;;;
ENEMDU*;oct-20;Empleo no remunerado; 1.027.840 ; 313.840 ; 714.000 ; 354.152 ; 673.688 ;;;;;;;;;;;
ENEMDU*;oct-20;Otro Empleo no pleno; 2.221.732 ; 1.316.861 ; 904.872 ; 1.310.430 ; 911.302 ;;;;;;;;;;;
ENEMDU*;oct-20;Empleo no clasificado;70.495;64.907;5.588;44.701;25.794;;;;;;;;;;;
ENEMDU*;oct-20;Desempleo; 477.372 ; 413.344 ;64.029; 236.685 ; 240.687 ;;;;;;;;;;;
ENEMDU*;oct-20;Desempleo Abierto; 419.232 ; 366.036 ;53.196; 214.004 ; 205.227 ;;;;;;;;;;;
ENEMDU*;oct-20;Desempleo Oculto;58.141;47.308;10.833;22.681;35.460;;;;;;;;;;;
ENEMDU*;oct-20;Desempleo Cesante; 380.733 ; 333.612 ;47.121; 197.445 ; 183.287 ;;;;;;;;;;;
ENEMDU*;oct-20;Desempleo Nuevo;96.639;79.732;16.907;39.240;57.400;;;;;;;;;;;
ENEMDU*;oct-20;Población Económicamente Inactiva; 4.262.542 ; 3.269.264 ; 993.277 ; 1.253.674 ; 3.008.868 ;;;;;;;;;;;
ENEMDU*;nov-20;Población Total; 17.675.513 ; 12.050.049 ; 5.625.464 ; 8.651.371 ; 9.024.143 ;;;;;;;;;;;
ENEMDU*;nov-20;Población menor de 15 años; 5.115.951 ; 3.296.815 ; 1.819.136 ; 2.508.306 ; 2.607.644 ;;;;;;;;;;;
ENEMDU*;nov-20;Población en Edad de Trabajar (PET); 12.559.563 ; 8.753.234 ; 3.806.329 ; 6.143.064 ; 6.416.498 ;;;;;;;;;;;
ENEMDU*;nov-20;Población Económicamente Activa; 8.159.078 ; 5.370.225 ; 2.788.853 ; 4.800.127 ; 3.358.951 ;;;;;;;;;;;
ENEMDU*;nov-20;Empleo; 7.698.733 ; 4.957.659 ; 2.741.073 ; 4.566.308 ; 3.132.425 ;;;;;;;;;;;
ENEMDU*;nov-20;Empleo Adecuado/Pleno; 2.327.015 ; 1.889.741 ; 437.274 ; 1.598.249 ; 728.766 ;;;;;;;;;;;
ENEMDU*;nov-20;Subempleo; 1.969.078 ; 1.279.236 ; 689.842 ; 1.281.463 ; 687.615 ;;;;;;;;;;;
ENEMDU*;nov-20;Subempleo por insuficiencia de tiempo de trabajo; 1.779.350 ; 1.153.983 ; 625.367 ; 1.133.249 ; 646.101 ;;;;;;;;;;;
ENEMDU*;nov-20;Subempleo por insuficiencia de ingresos; 189.729 ;125.253;64.476;148.215;41.514;;;;;;;;;;;
ENEMDU*;nov-20;Empleo no remunerado; 914.484 ; 267.227 ; 647.257 ; 269.151 ; 645.334 ;;;;;;;;;;;
ENEMDU*;nov-20;Otro Empleo no pleno; 2.416.513 ; 1.454.434 ; 962.079 ; 1.376.260 ; 1.040.252 ;;;;;;;;;;;
ENEMDU*;nov-20;Empleo no clasificado;71.642;67.021;4.621;41.184;30.458;;;;;;;;;;;
ENEMDU*;nov-20;Desempleo; 460.345 ; 412.566 ;47.779; 233.819 ; 226.526 ;;;;;;;;;;;
ENEMDU*;nov-20;Desempleo Abierto; 398.897 ; 361.858 ;37.039; 198.216 ; 200.681 ;;;;;;;;;;;
ENEMDU*;nov-20;Desempleo Oculto;61.448;50.708;10.740;35.602;25.846;;;;;;;;;;;
ENEMDU*;nov-20;Desempleo Cesante; 374.618 ; 338.398 ;36.220; 197.687 ; 176.930 ;;;;;;;;;;;
ENEMDU*;nov-20;Desempleo Nuevo;85.728;74.168;11.559;36.132;49.596;;;;;;;;;;;
ENEMDU*;nov-20;Población Económicamente Inactiva; 4.400.485 ; 3.383.009 ; 1.017.476 ; 1.342.938 ; 3.057.547 ;;;;;;;;;;;
ENEMDU*;dic-20;Población Total; 17.695.545 ; 12.063.706 ; 5.631.839 ; 8.661.174 ; 9.034.371 ;;;;;;;;;;;
ENEMDU*;dic-20;Población menor de 15 años; 5.121.746 ; 3.300.550 ; 1.821.196 ; 2.511.146 ; 2.610.600 ;;;;;;;;;;;
ENEMDU*;dic-20;Población en Edad de Trabajar (PET); 12.573.799 ; 8.763.156 ; 3.810.643 ; 6.150.028 ; 6.423.771 ;;;;;;;;;;;
ENEMDU*;dic-20;Población Económicamente Activa; 8.084.191 ; 5.358.909 ; 2.725.282 ; 4.736.649 ; 3.347.541 ;;;;;;;;;;;
ENEMDU*;dic-20;Empleo; 7.687.687 ; 5.035.951 ; 2.651.736 ; 4.566.470 ; 3.121.217 ;;;;;;;;;;;
ENEMDU*;dic-20;Empleo Adecuado/Pleno; 2.458.516 ; 1.993.494 ; 465.022 ; 1.672.464 ; 786.052 ;;;;;;;;;;;
ENEMDU*;dic-20;Subempleo; 1.847.631 ; 1.297.291 ; 550.340 ; 1.165.174 ; 682.457 ;;;;;;;;;;;
ENEMDU*;dic-20;Subempleo por insuficiencia de tiempo de trabajo; 1.637.545 ; 1.166.654 ; 470.891 ; 1.002.573 ; 634.972 ;;;;;;;;;;;
ENEMDU*;dic-20;Subempleo por insuficiencia de ingresos; 210.085 ;130.636;79.449;162.601;47.485;;;;;;;;;;;
ENEMDU*;dic-20;Empleo no remunerado; 1.028.848 ; 295.218 ; 733.630 ; 364.579 ; 664.270 ;;;;;;;;;;;
ENEMDU*;dic-20;Otro Empleo no pleno; 2.282.616 ; 1.384.416 ; 898.200 ; 1.324.118 ; 958.499 ;;;;;;;;;;;
ENEMDU*;dic-20;Empleo no clasificado;70.075;65.532;4.544;40.136;29.939;;;;;;;;;;;
ENEMDU*;dic-20;Desempleo; 396.504 ; 322.958 ;73.546; 170.180 ; 226.324 ;;;;;;;;;;;
ENEMDU*;dic-20;Desempleo Abierto; 320.746 ; 267.127 ;53.618; 133.426 ; 187.320 ;;;;;;;;;;;
ENEMDU*;dic-20;Desempleo Oculto;75.758;55.831;19.928;36.754;39.005;;;;;;;;;;;
ENEMDU*;dic-20;Desempleo Cesante; 253.035 ; 211.315 ;41.720; 113.799 ; 139.236 ;;;;;;;;;;;
ENEMDU*;dic-20;Desempleo Nuevo;143.469;111.643;31.826;56.380;87.089;;;;;;;;;;;
ENEMDU*;dic-20;Población Económicamente Inactiva; 4.489.608 ; 3.404.247 ; 1.085.361 ; 1.413.379 ; 3.076.230 ;;;;;;;;;;;
ENEMDU*;ene-21;Población Total; 17.715.615 ; 12.077.386 ; 5.638.229 ; 8.670.997 ; 9.044.618 ;;;;;;;;;;;
ENEMDU*;ene-21;Población menor de 15 años; 5.127.554 ; 3.304.292 ; 1.823.262 ; 2.513.994 ; 2.613.560 ;;;;;;;;;;;
ENEMDU*;ene-21;Población en Edad de Trabajar (PET); 12.588.061 ; 8.773.094 ; 3.814.967 ; 6.157.003 ; 6.431.058 ;;;;;;;;;;;
ENEMDU*;ene-21;Población Económicamente Activa; 8.346.101 ; 5.429.731 ; 2.916.370 ; 4.847.023 ; 3.499.078 ;;;;;;;;;;;
ENEMDU*;ene-21;Empleo; 7.900.929 ; 5.052.499 ; 2.848.431 ; 4.632.784 ; 3.268.146 ;;;;;;;;;;;
ENEMDU*;ene-21;Empleo Adecuado/Pleno; 2.671.030 ; 2.206.151 ; 464.879 ; 1.797.577 ; 873.453 ;;;;;;;;;;;
ENEMDU*;ene-21;Subempleo; 1.880.451 ; 1.225.634 ; 654.816 ; 1.180.210 ; 700.241 ;;;;;;;;;;;
ENEMDU*;ene-21;Subempleo por insuficiencia de tiempo de trabajo; 1.654.387 ; 1.080.671 ; 573.715 ; 988.894 ; 665.493 ;;;;;;;;;;;
ENEMDU*;ene-21;Subempleo por insuficiencia de ingresos; 226.064 ;144.963;81.101; 191.316 ;34.748;;;;;;;;;;;
ENEMDU*;ene-21;Empleo no remunerado; 1.089.328 ; 337.443 ; 751.885 ; 368.417 ; 720.911 ;;;;;;;;;;;
ENEMDU*;ene-21;Otro Empleo no pleno; 2.193.853 ; 1.219.345 ; 974.508 ; 1.247.075 ; 946.778 ;;;;;;;;;;;
ENEMDU*;ene-21;Empleo no clasificado;66.268;63.925;2.343;39.505;26.764;;;;;;;;;;;
ENEMDU*;ene-21;Desempleo; 445.172 ; 377.232 ;67.940; 214.240 ; 230.932 ;;;;;;;;;;;
ENEMDU*;ene-21;Desempleo Abierto; 375.611 ; 320.435 ;55.176; 181.028 ; 194.584 ;;;;;;;;;;;
ENEMDU*;ene-21;Desempleo Oculto;69.560;56.797;12.763;33.212;36.349;;;;;;;;;;;
ENEMDU*;ene-21;Desempleo Cesante; 333.142 ; 281.482 ;51.659; 164.248 ; 168.893 ;;;;;;;;;;;
ENEMDU*;ene-21;Desempleo Nuevo;112.030;95.750;16.280;49.991;62.039;;;;;;;;;;;
ENEMDU*;ene-21;Población Económicamente Inactiva; 4.241.960 ; 3.343.363 ; 898.597 ; 1.309.980 ; 2.931.980 ;;;;;;;;;;;
ENEMDU*;feb-21;Población Total; 17.735.700 ; 12.091.079 ; 5.644.621 ; 8.680.829 ; 9.054.871 ;;;;;;;;;;;
ENEMDU*;feb-21;Población menor de 15 años; 5.133.368 ; 3.308.039 ; 1.825.329 ; 2.516.846 ; 2.616.522 ;;;;;;;;;;;
ENEMDU*;feb-21;Población en Edad de Trabajar (PET); 12.602.332 ; 8.783.040 ; 3.819.292 ; 6.163.983 ; 6.438.349 ;;;;;;;;;;;
ENEMDU*;feb-21;Población Económicamente Activa; 8.237.703 ; 5.422.554 ; 2.815.148 ; 4.786.422 ; 3.451.281 ;;;;;;;;;;;
ENEMDU*;feb-21;Empleo; 7.790.521 ; 5.048.496 ; 2.742.025 ; 4.584.454 ; 3.206.068 ;;;;;;;;;;;
ENEMDU*;feb-21;Empleo Adecuado/Pleno; 2.575.860 ; 2.101.635 ; 474.225 ; 1.693.420 ; 882.440 ;;;;;;;;;;;
ENEMDU*;feb-21;Subempleo; 1.923.400 ; 1.273.912 ; 649.488 ; 1.253.564 ; 669.836 ;;;;;;;;;;;
ENEMDU*;feb-21;Subempleo por insuficiencia de tiempo de trabajo; 1.700.036 ; 1.133.133 ; 566.903 ; 1.083.486 ; 616.549 ;;;;;;;;;;;
ENEMDU*;feb-21;Subempleo por insuficiencia de ingresos; 223.364 ;140.779;82.586;170.078;53.287;;;;;;;;;;;
ENEMDU*;feb-21;Empleo no remunerado; 991.265 ; 320.368 ; 670.896 ; 323.814 ; 667.451 ;;;;;;;;;;;
ENEMDU*;feb-21;Otro Empleo no pleno; 2.207.163 ; 1.266.139 ; 941.025 ; 1.259.553 ; 947.610 ;;;;;;;;;;;
ENEMDU*;feb-21;Empleo no clasificado;92.833;86.443;6.390;54.103;38.731;;;;;;;;;;;
ENEMDU*;feb-21;Desempleo; 447.181 ; 374.058 ;73.124; 201.968 ; 245.213 ;;;;;;;;;;;
ENEMDU*;feb-21;Desempleo Abierto; 396.347 ; 327.354 ;68.993; 176.841 ; 219.507 ;;;;;;;;;;;
ENEMDU*;feb-21;Desempleo Oculto;50.834;46.704;4.130;25.128;25.706;;;;;;;;;;;
ENEMDU*;feb-21;Desempleo Cesante; 354.842 ; 310.861 ;43.981; 158.450 ; 196.392 ;;;;;;;;;;;
ENEMDU*;feb-21;Desempleo Nuevo;92.339;63.197;29.143;43.518;48.821;;;;;;;;;;;
ENEMDU*;feb-21;Población Económicamente Inactiva; 4.364.629 ; 3.360.486 ; 1.004.144 ; 1.377.561 ; 2.987.068 ;;;;;;;;;;;
ENEMDU*;mar-21;Población Total; 17.755.809 ; 12.104.788 ; 5.651.021 ; 8.690.670 ; 9.065.139 ;;;;;;;;;;;
ENEMDU*;mar-21;Población menor de 15 años; 5.139.189 ; 3.311.790 ; 1.827.399 ; 2.519.699 ; 2.619.490 ;;;;;;;;;;;
ENEMDU*;mar-21;Población en Edad de Trabajar (PET); 12.616.620 ; 8.792.998 ; 3.823.622 ; 6.170.971 ; 6.445.649 ;;;;;;;;;;;
ENEMDU*;mar-21;Población Económicamente Activa; 8.054.254 ; 5.276.240 ; 2.778.014 ; 4.781.254 ; 3.273.000 ;;;;;;;;;;;
ENEMDU*;mar-21;Empleo; 7.661.623 ; 4.954.518 ; 2.707.105 ; 4.596.735 ; 3.064.888 ;;;;;;;;;;;
ENEMDU*;mar-21;Empleo Adecuado/Pleno; 2.547.396 ; 2.055.971 ; 491.425 ; 1.690.474 ; 856.923 ;;;;;;;;;;;
ENEMDU*;mar-21;Subempleo; 1.853.492 ; 1.232.621 ; 620.871 ; 1.205.517 ; 647.975 ;;;;;;;;;;;
ENEMDU*;mar-21;Subempleo por insuficiencia de tiempo de trabajo; 1.674.864 ; 1.118.501 ; 556.364 ; 1.071.082 ; 603.782 ;;;;;;;;;;;
ENEMDU*;mar-21;Subempleo por insuficiencia de ingresos; 178.627 ;114.120;64.507;134.435;44.193;;;;;;;;;;;
ENEMDU*;mar-21;Empleo no remunerado; 1.015.623 ; 307.820 ; 707.803 ; 364.966 ; 650.657 ;;;;;;;;;;;
ENEMDU*;mar-21;Otro Empleo no pleno; 2.190.745 ; 1.308.886 ; 881.859 ; 1.299.176 ; 891.568 ;;;;;;;;;;;
ENEMDU*;mar-21;Empleo no clasificado;54.368;49.221;5.147;36.602;17.766;;;;;;;;;;;
ENEMDU*;mar-21;Desempleo; 392.631 ; 321.722 ;70.909; 184.520 ; 208.111 ;;;;;;;;;;;
ENEMDU*;mar-21;Desempleo Abierto; 336.608 ; 278.076 ;58.533; 159.022 ; 177.586 ;;;;;;;;;;;
ENEMDU*;mar-21;Desempleo Oculto;56.022;43.646;12.377;25.498;30.525;;;;;;;;;;;
ENEMDU*;mar-21;Desempleo Cesante; 305.788 ; 252.673 ;53.114; 141.217 ; 164.571 ;;;;;;;;;;;
ENEMDU*;mar-21;Desempleo Nuevo;86.843;69.048;17.795;43.302;43.541;;;;;;;;;;;
ENEMDU*;mar-21;Población Económicamente Inactiva; 4.562.366 ; 3.516.758 ; 1.045.608 ; 1.389.717 ; 3.172.649 ;;;;;;;;;;;
ENEMDU*;abr-21;Población Total; 17.775.940 ; 12.118.513 ; 5.657.427 ; 8.700.523 ; 9.075.417 ;;;;;;;;;;;
ENEMDU*;abr-21;Población menor de 15 años; 5.145.015 ; 3.315.545 ; 1.829.470 ; 2.522.555 ; 2.622.460 ;;;;;;;;;;;
ENEMDU*;abr-21;Población en Edad de Trabajar (PET); 12.630.925 ; 8.802.968 ; 3.827.957 ; 6.177.968 ; 6.452.957 ;;;;;;;;;;;
ENEMDU*;abr-21;Población Económicamente Activa; 8.324.590 ; 5.429.841 ; 2.894.749 ; 4.837.833 ; 3.486.757 ;;;;;;;;;;;
ENEMDU*;abr-21;Empleo; 7.898.750 ; 5.062.501 ; 2.836.249 ; 4.635.095 ; 3.263.655 ;;;;;;;;;;;
ENEMDU*;abr-21;Empleo Adecuado/Pleno; 2.565.865 ; 2.080.984 ; 484.881 ; 1.698.642 ; 867.224 ;;;;;;;;;;;
ENEMDU*;abr-21;Subempleo; 1.941.860 ; 1.287.448 ; 654.412 ; 1.194.094 ; 747.766 ;;;;;;;;;;;
ENEMDU*;abr-21;Subempleo por insuficiencia de tiempo de trabajo; 1.770.788 ; 1.179.159 ; 591.629 ; 1.060.751 ; 710.037 ;;;;;;;;;;;
ENEMDU*;abr-21;Subempleo por insuficiencia de ingresos; 171.072 ;108.289;62.782;133.343;37.729;;;;;;;;;;;
ENEMDU*;abr-21;Empleo no remunerado; 1.079.300 ; 302.075 ; 777.224 ; 376.529 ; 702.770 ;;;;;;;;;;;
ENEMDU*;abr-21;Otro Empleo no pleno; 2.243.726 ; 1.328.171 ; 915.556 ; 1.322.428 ; 921.299 ;;;;;;;;;;;
ENEMDU*;abr-21;Empleo no clasificado;67.998;63.822;4.176;43.403;24.596;;;;;;;;;;;
ENEMDU*;abr-21;Desempleo; 425.840 ; 367.340 ;58.500; 202.739 ; 223.101 ;;;;;;;;;;;
ENEMDU*;abr-21;Desempleo Abierto; 375.794 ; 323.264 ;52.530; 182.732 ; 193.062 ;;;;;;;;;;;
ENEMDU*;abr-21;Desempleo Oculto;50.046;44.076;5.970;20.007;30.039;;;;;;;;;;;
ENEMDU*;abr-21;Desempleo Cesante; 345.075 ; 296.115 ;48.960; 165.227 ; 179.848 ;;;;;;;;;;;
ENEMDU*;abr-21;Desempleo Nuevo;80.764;71.225;9.540;37.511;43.253;;;;;;;;;;;
ENEMDU*;abr-21;Población Económicamente Inactiva; 4.306.335 ; 3.373.127 ; 933.208 ; 1.340.135 ; 2.966.200 ;;;;;;;;;;;
ENEMDU*;may-21;Población Total; 17.796.100 ; 12.132.257 ; 5.663.843 ; 8.710.391 ; 9.085.709 ;;;;;;;;;;;
ENEMDU*;may-21;Población menor de 15 años; 5.150.850 ; 3.319.305 ; 1.831.545 ; 2.525.416 ; 2.625.434 ;;;;;;;;;;;
ENEMDU*;may-21;Población en Edad de Trabajar (PET); 12.645.250 ; 8.812.952 ; 3.832.298 ; 6.184.975 ; 6.460.275 ;;;;;;;;;;;
ENEMDU*;may-21;Población Económicamente Activa; 8.501.293 ; 5.588.642 ; 2.912.651 ; 4.893.720 ; 3.607.573 ;;;;;;;;;;;
ENEMDU*;may-21;Empleo; 7.963.336 ; 5.112.679 ; 2.850.657 ; 4.610.336 ; 3.352.999 ;;;;;;;;;;;
ENEMDU*;may-21;Empleo Adecuado/Pleno; 2.569.033 ; 2.089.224 ; 479.809 ; 1.753.684 ; 815.349 ;;;;;;;;;;;
ENEMDU*;may-21;Subempleo; 1.970.477 ; 1.276.366 ; 694.112 ; 1.239.782 ; 730.695 ;;;;;;;;;;;
ENEMDU*;may-21;Subempleo por insuficiencia de tiempo de trabajo; 1.742.660 ; 1.154.765 ; 587.895 ; 1.075.435 ; 667.225 ;;;;;;;;;;;
ENEMDU*;may-21;Subempleo por insuficiencia de ingresos; 227.818 ; 121.601 ;106.217; 164.347 ;63.470;;;;;;;;;;;
ENEMDU*;may-21;Empleo no remunerado; 1.082.268 ; 347.145 ; 735.123 ; 343.065 ; 739.203 ;;;;;;;;;;;
ENEMDU*;may-21;Otro Empleo no pleno; 2.248.648 ; 1.307.540 ; 941.108 ; 1.220.852 ; 1.027.795 ;;;;;;;;;;;
ENEMDU*;may-21;Empleo no clasificado;92.910;92.404;506;52.953;39.957;;;;;;;;;;;
ENEMDU*;may-21;Desempleo; 537.958 ; 475.964 ;61.994; 283.384 ; 254.574 ;;;;;;;;;;;
ENEMDU*;may-21;Desempleo Abierto; 484.646 ; 427.000 ;57.646; 259.963 ; 224.683 ;;;;;;;;;;;
ENEMDU*;may-21;Desempleo Oculto;53.312;48.964;4.348;23.421;29.891;;;;;;;;;;;
ENEMDU*;may-21;Desempleo Cesante; 449.379 ; 403.845 ;45.534; 240.786 ; 208.593 ;;;;;;;;;;;
ENEMDU*;may-21;Desempleo Nuevo;88.579;72.119;16.460;42.597;45.981;;;;;;;;;;;
ENEMDU*;may-21;Población Económicamente Inactiva; 4.143.957 ; 3.224.310 ; 919.647 ; 1.291.255 ; 2.852.702 ;;;;;;;;;;;
ENEMDU*;jun-21;Población Total; 17.816.276 ; 12.146.012 ; 5.670.264 ; 8.720.267 ; 9.096.009 ;;;;;;;;;;;
ENEMDU*;jun-21;Población menor de 15 años; 5.156.690 ; 3.323.068 ; 1.833.622 ; 2.528.280 ; 2.628.410 ;;;;;;;;;;;
ENEMDU*;jun-21;Población en Edad de Trabajar (PET); 12.659.586 ; 8.822.944 ; 3.836.642 ; 6.191.987 ; 6.467.599 ;;;;;;;;;;;
ENEMDU*;jun-21;Población Económicamente Activa; 8.332.656 ; 5.536.162 ; 2.796.494 ; 4.861.595 ; 3.471.061 ;;;;;;;;;;;
ENEMDU*;jun-21;Empleo; 7.905.781 ; 5.161.607 ; 2.744.173 ; 4.667.471 ; 3.238.310 ;;;;;;;;;;;
ENEMDU*;jun-21;Empleo Adecuado/Pleno; 2.604.263 ; 2.111.636 ; 492.627 ; 1.744.975 ; 859.288 ;;;;;;;;;;;
ENEMDU*;jun-21;Subempleo; 1.917.390 ; 1.310.574 ; 606.816 ; 1.205.167 ; 712.224 ;;;;;;;;;;;
ENEMDU*;jun-21;Subempleo por insuficiencia de tiempo de trabajo; 1.707.045 ; 1.180.924 ; 526.121 ; 1.048.711 ; 658.334 ;;;;;;;;;;;
ENEMDU*;jun-21;Subempleo por insuficiencia de ingresos; 210.346 ; 129.651 ;80.695; 156.456 ;53.890;;;;;;;;;;;
ENEMDU*;jun-21;Empleo no remunerado; 1.074.505 ; 327.361 ; 747.144 ; 369.992 ; 704.513 ;;;;;;;;;;;
ENEMDU*;jun-21;Otro Empleo no pleno; 2.254.112 ; 1.358.535 ; 895.577 ; 1.312.957 ; 941.155 ;;;;;;;;;;;
ENEMDU*;jun-21;Empleo no clasificado;55.511;53.502;2.009;34.380;21.131;;;;;;;;;;;
ENEMDU*;jun-21;Desempleo; 426.875 ; 374.555 ;52.320; 194.124 ; 232.751 ;;;;;;;;;;;
ENEMDU*;jun-21;Desempleo Abierto; 390.459 ; 346.003 ;44.455; 180.083 ; 210.376 ;;;;;;;;;;;
ENEMDU*;jun-21;Desempleo Oculto;36.416;28.551;7.865;14.041;22.375;;;;;;;;;;;
ENEMDU*;jun-21;Desempleo Cesante; 334.708 ; 297.790 ;36.919; 153.500 ; 181.208 ;;;;;;;;;;;
ENEMDU*;jun-21;Desempleo Nuevo;92.167;76.765;15.402;40.624;51.543;;;;;;;;;;;
ENEMDU*;jun-21;Población Económicamente Inactiva; 4.326.930 ; 3.286.782 ; 1.040.148 ; 1.330.392 ; 2.996.538 ;;;;;;;;;;;
ENEMDU*;jul-21;Población Total; 17.836.481 ; 12.159.788 ; 5.676.693 ; 8.730.155 ; 9.106.326 ;;;;;;;;;;;
ENEMDU*;jul-21;Población menor de 15 años; 5.162.538 ; 3.326.837 ; 1.835.701 ; 2.531.146 ; 2.631.392 ;;;;;;;;;;;
ENEMDU*;jul-21;Población en Edad de Trabajar (PET); 12.673.943 ; 8.832.951 ; 3.840.992 ; 6.199.009 ; 6.474.934 ;;;;;;;;;;;
ENEMDU*;jul-21;Población Económicamente Activa; 8.277.483 ; 5.496.749 ; 2.780.734 ; 4.841.849 ; 3.435.634 ;;;;;;;;;;;
ENEMDU*;jul-21;Empleo; 7.850.799 ; 5.145.078 ; 2.705.722 ; 4.657.873 ; 3.192.926 ;;;;;;;;;;;
ENEMDU*;jul-21;Empleo Adecuado/Pleno; 2.631.708 ; 2.119.242 ; 512.466 ; 1.790.194 ; 841.514 ;;;;;;;;;;;
ENEMDU*;jul-21;Subempleo; 2.035.106 ; 1.389.069 ; 646.037 ; 1.255.730 ; 779.376 ;;;;;;;;;;;
ENEMDU*;jul-21;Subempleo por insuficiencia de tiempo de trabajo; 1.814.549 ; 1.261.597 ; 552.952 ; 1.091.527 ; 723.022 ;;;;;;;;;;;
ENEMDU*;jul-21;Subempleo por insuficiencia de ingresos; 220.556 ; 127.472 ; 93.084 ; 164.203 ; 56.354 ;;;;;;;;;;;
ENEMDU*;jul-21;Empleo no remunerado; 916.424 ; 259.899 ; 656.525 ; 305.866 ; 610.558 ;;;;;;;;;;;
ENEMDU*;jul-21;Otro Empleo no pleno; 2.204.818 ; 1.314.829 ; 889.989 ; 1.271.008 ; 933.810 ;;;;;;;;;;;
ENEMDU*;jul-21;Empleo no clasificado; 62.744 ; 62.039 ; 705 ; 35.075 ; 27.669 ;;;;;;;;;;;
ENEMDU*;jul-21;Desempleo; 426.684 ; 351.672 ; 75.012 ; 183.976 ; 242.708 ;;;;;;;;;;;
ENEMDU*;jul-21;Desempleo Abierto; 389.392 ; 323.940 ; 65.453 ; 167.450 ; 221.943 ;;;;;;;;;;;
ENEMDU*;jul-21;Desempleo Oculto; 37.292 ; 27.732 ; 9.560 ; 16.526 ; 20.765 ;;;;;;;;;;;
ENEMDU*;jul-21;Desempleo Cesante; 349.254 ; 290.361 ; 58.893 ; 159.953 ; 189.301 ;;;;;;;;;;;
ENEMDU*;jul-21;Desempleo Nuevo; 77.430 ; 61.310 ; 16.120 ; 24.023 ; 53.407 ;;;;;;;;;;;
ENEMDU*;jul-21;Población Económicamente Inactiva; 4.396.460 ; 3.336.202 ; 1.060.258 ; 1.357.160 ; 3.039.300 ;;;;;;;;;;;
ENEMDU*;ago-21;Población Total; 17.856.714 ; 12.173.545 ; 5.683.169 ; 8.740.040 ; 9.116.674 ;;;;;;;;;;;
ENEMDU*;ago-21;Población menor de 15 años; 5.157.946 ; 3.326.802 ; 1.831.144 ; 2.534.311 ; 2.623.635 ;;;;;;;;;;;
ENEMDU*;ago-21;Población en Edad de Trabajar (PET); 12.698.768 ; 8.846.743 ; 3.852.025 ; 6.205.729 ; 6.493.039 ;;;;;;;;;;;
ENEMDU*;ago-21;Población Económicamente Activa; 8.540.363 ; 5.641.720 ; 2.898.643 ; 4.967.153 ; 3.573.210 ;;;;;;;;;;;
ENEMDU*;ago-21;Empleo; 8.125.322 ; 5.289.816 ; 2.835.506 ; 4.770.004 ; 3.355.318 ;;;;;;;;;;;
ENEMDU*;ago-21;Empleo Adecuado/Pleno; 2.770.656 ; 2.237.145 ; 533.511 ; 1.858.419 ; 912.238 ;;;;;;;;;;;
ENEMDU*;ago-21;Subempleo; 1.887.050 ; 1.221.012 ; 666.038 ; 1.223.683 ; 663.367 ;;;;;;;;;;;
ENEMDU*;ago-21;Subempleo por insuficiencia de tiempo de trabajo; 1.657.001 ; 1.090.839 ; 566.162 ; 1.050.784 ; 606.217 ;;;;;;;;;;;
ENEMDU*;ago-21;Subempleo por insuficiencia de ingresos; 230.049 ; 130.173 ; 99.876 ; 172.899 ; 57.150 ;;;;;;;;;;;
ENEMDU*;ago-21;Empleo no remunerado; 950.882 ; 313.241 ; 637.641 ; 303.444 ; 647.438 ;;;;;;;;;;;
ENEMDU*;ago-21;Otro Empleo no pleno; 2.451.125 ; 1.454.867 ; 996.258 ; 1.345.509 ; 1.105.616 ;;;;;;;;;;;
ENEMDU*;ago-21;Empleo no clasificado; 65.610 ; 63.551 ; 2.058 ; 38.950 ; 26.659 ;;;;;;;;;;;
ENEMDU*;ago-21;Desempleo; 415.041 ; 351.904 ; 63.137 ; 197.148 ; 217.893 ;;;;;;;;;;;
ENEMDU*;ago-21;Desempleo Abierto; 366.825 ; 312.992 ; 53.833 ; 173.915 ; 192.909 ;;;;;;;;;;;
ENEMDU*;ago-21;Desempleo Oculto; 48.216 ; 38.912 ; 9.304 ; 23.233 ; 24.983 ;;;;;;;;;;;
ENEMDU*;ago-21;Desempleo Cesante; 329.454 ; 278.480 ; 50.973 ; 159.977 ; 169.477 ;;;;;;;;;;;
ENEMDU*;ago-21;Desempleo Nuevo; 85.587 ; 73.424 ; 12.164 ; 37.172 ; 48.416 ;;;;;;;;;;;
ENEMDU*;ago-21;Población Económicamente Inactiva; 4.158.405 ; 3.205.023 ; 953.382 ; 1.238.576 ; 2.919.829 ;;;;;;;;;;;
ENEMDU*;sep-21;Población Total; 17.876.935 ; 12.187.353 ; 5.689.582 ; 8.749.956 ; 9.126.979 ;;;;;;;;;;;
ENEMDU*;sep-21;Población menor de 15 años; 5.163.280 ; 3.330.248 ; 1.833.032 ; 2.536.932 ; 2.626.348 ;;;;;;;;;;;
ENEMDU*;sep-21;Población en Edad de Trabajar (PET); 12.713.655 ; 8.857.105 ; 3.856.550 ; 6.213.024 ; 6.500.631 ;;;;;;;;;;;
ENEMDU*;sep-21;Población Económicamente Activa; 8.479.137 ; 5.584.638 ; 2.894.499 ; 4.893.521 ; 3.585.616 ;;;;;;;;;;;
ENEMDU*;sep-21;Empleo; 8.066.696 ; 5.221.035 ; 2.845.661 ; 4.703.184 ; 3.363.512 ;;;;;;;;;;;
ENEMDU*;sep-21;Empleo Adecuado/Pleno; 2.843.732 ; 2.304.048 ; 539.684 ; 1.894.302 ; 949.430 ;;;;;;;;;;;
ENEMDU*;sep-21;Subempleo; 1.921.312 ; 1.170.752 ; 750.560 ; 1.159.844 ; 761.468 ;;;;;;;;;;;
ENEMDU*;sep-21;Subempleo por insuficiencia de tiempo de trabajo; 1.715.190 ; 1.054.926 ; 660.263 ; 1.014.175 ; 701.015 ;;;;;;;;;;;
ENEMDU*;sep-21;Subempleo por insuficiencia de ingresos; 206.122 ; 115.826 ; 90.297 ; 145.670 ; 60.453 ;;;;;;;;;;;
ENEMDU*;sep-21;Empleo no remunerado; 917.971 ; 290.830 ; 627.141 ; 356.288 ; 561.683 ;;;;;;;;;;;
ENEMDU*;sep-21;Otro Empleo no pleno; 2.340.071 ; 1.413.295 ; 926.776 ; 1.274.171 ; 1.065.900 ;;;;;;;;;;;
ENEMDU*;sep-21;Empleo no clasificado; 43.609 ; 42.109 ; 1.500 ; 18.578 ; 25.031 ;;;;;;;;;;;
ENEMDU*;sep-21;Desempleo; 412.441 ; 363.603 ; 48.838 ; 190.337 ; 222.104 ;;;;;;;;;;;
ENEMDU*;sep-21;Desempleo Abierto; 365.938 ; 327.679 ; 38.259 ; 167.619 ; 198.320 ;;;;;;;;;;;
ENEMDU*;sep-21;Desempleo Oculto; 46.503 ; 35.924 ; 10.579 ; 22.718 ; 23.785 ;;;;;;;;;;;
ENEMDU*;sep-21;Desempleo Cesante; 326.590 ; 292.200 ; 34.390 ; 155.317 ; 171.272 ;;;;;;;;;;;
ENEMDU*;sep-21;Desempleo Nuevo; 85.851 ; 71.403 ; 14.448 ; 35.019 ; 50.832 ;;;;;;;;;;;
ENEMDU*;sep-21;Población Económicamente Inactiva; 4.234.518 ; 3.272.467 ; 962.051 ; 1.319.503 ; 2.915.015 ;;;;;;;;;;;
ENEMDU*;oct-21;Población Total; 17.897.230 ; 12.201.204 ; 5.696.026 ; 8.759.895 ; 9.137.335 ;;;;;;;;;;;
ENEMDU*;oct-21;Población menor de 15 años; 5.168.642 ; 3.333.702 ; 1.834.940 ; 2.539.568 ; 2.629.074 ;;;;;;;;;;;
ENEMDU*;oct-21;Población en Edad de Trabajar (PET); 12.728.588 ; 8.867.502 ; 3.861.086 ; 6.220.327 ; 6.508.261 ;;;;;;;;;;;
ENEMDU*;oct-21;Población Económicamente Activa; 8.398.347 ; 5.560.082 ; 2.838.265 ; 4.895.582 ; 3.502.766 ;;;;;;;;;;;
ENEMDU*;oct-21;Empleo; 8.014.144 ; 5.240.876 ; 2.773.268 ; 4.719.331 ; 3.294.813 ;;;;;;;;;;;
ENEMDU*;oct-21;Empleo Adecuado/Pleno; 2.684.258 ; 2.237.457 ; 446.800 ; 1.851.954 ; 832.303 ;;;;;;;;;;;
ENEMDU*;oct-21;Subempleo; 2.005.393 ; 1.269.913 ; 735.480 ; 1.212.008 ; 793.384 ;;;;;;;;;;;
ENEMDU*;oct-21;Subempleo por insuficiencia de tiempo de trabajo; 1.789.372 ; 1.161.744 ; 627.628 ; 1.062.086 ; 727.286 ;;;;;;;;;;;
ENEMDU*;oct-21;Subempleo por insuficiencia de ingresos; 216.021 ; 108.169 ; 107.852 ; 149.922 ; 66.098 ;;;;;;;;;;;
ENEMDU*;oct-21;Empleo no remunerado; 947.623 ; 289.744 ; 657.879 ; 311.341 ; 636.281 ;;;;;;;;;;;
ENEMDU*;oct-21;Otro Empleo no pleno; 2.325.638 ; 1.397.591 ; 928.046 ; 1.314.700 ; 1.010.938 ;;;;;;;;;;;
ENEMDU*;oct-21;Empleo no clasificado; 51.233 ; 46.170 ; 5.063 ; 29.327 ; 21.907 ;;;;;;;;;;;
ENEMDU*;oct-21;Desempleo; 384.204 ; 319.206 ; 64.997 ; 176.251 ; 207.953 ;;;;;;;;;;;
ENEMDU*;oct-21;Desempleo Abierto; 336.101 ; 291.606 ; 44.495 ; 150.276 ; 185.824 ;;;;;;;;;;;
ENEMDU*;oct-21;Desempleo Oculto; 48.103 ; 27.600 ; 20.503 ; 25.975 ; 22.128 ;;;;;;;;;;;
ENEMDU*;oct-21;Desempleo Cesante; 298.846 ; 257.856 ; 40.991 ; 140.223 ; 158.623 ;;;;;;;;;;;
ENEMDU*;oct-21;Desempleo Nuevo; 85.358 ; 61.351 ; 24.007 ; 36.028 ; 49.330 ;;;;;;;;;;;
ENEMDU*;oct-21;Población Económicamente Inactiva; 4.330.241 ; 3.307.420 ; 1.022.821 ; 1.324.745 ; 3.005.495 ;;;;;;;;;;;
